1	임무용 아이템
2	임무용 사물 조작
3	전력 질주
4	탈것
5	텔레포
6	데존
7	공격
8	사격
9	재빠른 검격
10	철벽 방어
11	야성의 검격
12	재활
13	경각심
14	플래시
15	폭도의 검격
16	방패 가격
17	경계
18	도발
19	강철의 의지
20	임전무퇴
21	할로네의 분노
22	방패 각성
23	파멸의 진
24	방패 던지기
25	방패 후려치기
26	충의의 검
27	감싸기
28	충의의 방패
29	내면의 기개
30	천하무적
31	육중한 일격
32	예지력
33	골절
34	피의 갈증
35	두개골 절단
36	최후의 일격
37	관절 파괴
38	광폭화
39	잔혹한 일격
40	전투의 짜릿함
41	압도
42	폭풍 쐐기
43	일대일 결투
44	보복
45	폭풍의 눈
46	도끼 던지기
47	휘도는 도끼
48	수비 태세
49	원초의 혼
50	힘의 해방
51	강철 회오리
52	전장의 함성
53	연격
54	정권 지르기
55	새털 걸음
56	붕권
57	내단
58	맞받아치기
59	발경
60	금강 태세
61	쌍장타
62	충격파
63	홍련 태세
64	철산고
65	만트라
66	파쇄권
67	공명권
68	혈도 찌르기
69	진각
70	지열참
71	나찰충격권
72	촌경
73	질풍 태세
74	쌍룡각
75	직선 찌르기
76	눈속임 공격
77	날카로운 돌풍
78	사선 찌르기
79	겹찌르기
80	기합
81	연쇄 충격
82	다리 쳐내기
83	생명력 쇄도
84	올려 찌르기
85	필사의 각오
86	악몽의 쐐기
87	몸통 가르기
88	꽃잎 폭풍
89	가시 소용돌이
90	꿰뚫는 발톱
91	이단 찌르기
92	점프
93	용의 창
94	교묘한 점프
95	척추 강타
96	화룡 강타
97	육중한 사격
98	직선 사격
99	매의 눈
100	독화살
101	용맹한 사격
102	불타는 화살
103	고통 종결
104	고요한 사격
105	질주의 노래
106	재빠른 활시위
107	마구 쏘기
108	그림자 묶기
109	침묵의 화살
110	사혈 화살
111	일제 사격
112	후퇴 사격
113	바람 화살
114	현자의 담시곡
115	마인의 진혼곡
116	군신의 찬가
117	죽음의 화살비
118	전장의 노래
119	스톤
120	케알
121	에어로
122	성전 태세
123	프로테스
124	메디카
125	레이즈
126	에스나
127	스톤라
128	휴면
129	스톤스킨
130	여신의 가호
131	케알가
132	에어로라
133	메디카라
134	물의 오라
135	케알라
136	쾌속의 마법
137	리제네
138	신성한 문장
139	홀리
140	거룩한 축복
141	파이어
142	블리자드
143	견고한 마법
144	선더
145	슬리플
146	블리자라
147	파이라
148	선더라
149	속성 전환
150	신속한 마법
151	무력화
152	파이가
153	선더가
154	블리자가
155	에테르 촉진
156	컬랩스
157	마배리어
158	생명력 변환
159	프리즈
160	구원
161	마법 장벽
162	플레어
163	루인
164	바이오
165	소환
166	에테르 순환
167	생명력 흡수
168	미아즈마
169	바이러스
170	소환 2
171	독려
172	루인라
173	부활
174	전염
175	눈에는 눈
176	각성
177	미아즈라
178	바이오라
179	섀도우 플레어
180	소환 3
181	미아즈마 버스트
182	트라이바인드
183	자극
184	점화
185	고무격려책
186	사기고양책
187	생명정화술
188	야전치유진
189	생명활성술
190	치유술
191	스톤라스킨
196	반격 효과
197	방패의 벽
198	강력 방어
199	철벽 요새
200	브레이버
201	쾌검난무
202	파이널 헤븐
203	하늘의 조각
204	프티 메테오
205	메테오
206	치유의 바람
207	대지의 숨결
208	생명의 고동
210	원예가의 눈
211	숲의 부름
212	은신
213	통찰
214	개척자의 손
215	농부의 지혜
216	나무꾼의 수완
217	노피카의 가호
218	현장 경험
219	비레고의 가호
220	현장 경험 2
221	숲의 탐구자
222	축복받은 수확
224	축복받은 수확 2
225	잎갈이
226	잎갈이 2
227	광부의 눈
228	바위의 부름
229	은신
230	통찰
231	산길잡이의 직감
232	석공의 이론
233	조각사의 힘
234	날달의 가호
235	뚜렷한 시야
236	메느피나의 가호
237	뚜렷한 시야 2
238	광산의 탐구자
239	왕의 수익
241	왕의 수익 2
242	발굴
243	발굴 2
244	안정된 솜씨
245	안정된 솜씨
246	안정된 솜씨
247	안정된 솜씨
248	안정된 솜씨
249	안정된 솜씨
250	안정된 솜씨
251	안정된 솜씨
252	정신 집중
253	정신 집중
254	정신 집중
255	정신 집중
256	정신 집중
257	정신 집중
258	정신 집중
259	정신 집중
260	장족의 발전
261	장족의 발전
262	장족의 발전
263	장족의 발전
264	장족의 발전
265	장족의 발전
266	장족의 발전
267	장족의 발전
276	긴장 완화
277	독창적 발상
278	교묘한 손놀림
279	근검절약
281	안정된 솜씨 2
283	독창적 발상 2
284	혁신
285	근검절약 2
286	작업 요령
287	재활용
288	미끼 선택
289	낚싯대 던지기
290	숲의 부름 2
291	바위의 부름 2
292	리믈렌의 가호
293	살리아크의 가호
294	현장 경험 3
295	뚜렷한 시야 3
296	낚아채기
297	생미끼 낚시
298	은신
299	중단
300	놓아주기
304	특수 기술 발동
305	トラップ
307	사일레스
308	파라이즈
309	헤이스트
310	슬로우
311	화염 보호막
312	얼음 보호막
313	번개 보호막
314	물리 스톤스킨
315	마법 스톤스킨
316	스톤스킨
317	고약한 숨결
318	서리 숨결
319	발굽차기
320	달려들기
321	거대한 뿔
322	돌 던지기
323	독 바르기
324	날치기
325	번개 강타
326	번개 폭풍
327	끈끈이 거미줄
328	부식성 분무
329	치명적 일격
330	치명적 일격
331	칼날 날개
332	전율의 외침
333	노른자 세례
334	맹목적 돌진
335	노발대발
336	아비규환
337	자폭
338	연소
339	폭굉
340	괴저병
341	지옥의 심판
342	영혼 흡수
343	죽음의 선고
344	씨앗 투척
345	시큼한 바람
346	거친 바람
347	찐득한 혀
348	두꺼비 기름
349	마구 핥기
350	미세 블래스터
351	전기 수염
352	혼돈의 눈
353	블래스터
354	호기심 발동
355	메가 블래스터
356	강철의 정의
357	왕의 유언
358	고통의 칼날
359	면죄의 칼날
360	회개의 칼날
361	평날검
362	정신파괴
363	흡혈의 손길
364	산성 안개
365	산성 안개
366	산성 안개
367	산성 안개
368	눈 찌르기
369	돌 던지기
370	폭격
371	창궐
372	부패
373	반월베기
374	호두 껍질
375	호두 껍질
376	호두 껍질
377	전광석화
378	흡혈
379	초음파
380	초음파
381	액체 살포
382	점액 살포
383	망각액 살포
384	선동
385	선동
386	선동
387	깨물기
388	부식성 침
389	부식성 침
390	주둥이 꽂기
391	흡혈
392	흡혈
393	섬광 폭발
394	잔잔한 빛
395	속박의 주문
396	균사 채찍
397	역겨운 구름
398	수면의 구름
399	천방지축
400	정열의 율동
401	열광의 일격
402	헤이스트
403	제국식 강장제
404	제국식 흥분제
405	폭탄 던지기
406	폭탄 던지기
407	폭죽 세례
408	광란의 소요
409	독 송곳니
410	석화 시선
411	재주넘기
412	꼬리 휘두르기
413	화염구
414	소음 공해
415	채찍질
416	황금 혀
417	거북 발구르기
418	등딱지 강화
419	몸통베기
420	숫돌
421	분노의 일격
422	크게 휘두르기
423	폭풍 전야
424	세찬 돌풍
425	리플렉트
426	인파이어
427	인블리자드
428	인에어로
429	인스톤
430	인선더
431	인워터
432	드레인
440	빽빽한 나뭇가지
441	나뭇가지 폭풍
442	도토리 폭탄
443	돌머리
444	바위 우레
445	진정한 투지
446	번개 숨결
447	登場
448	썩은 물보라
449	기분 나쁜 빛
450	신비한 빛
451	攻?
452	뜨거운 바람
453	소각
454	폭렬 난사
455	용암 분출
456	광휘의 불기둥
457	진홍 회오리
458	지옥의 화염
459	イフリ?ト：ジャンプ
460	イフリ?ト：着地
461	イフリ?ト：炎獄の楔召喚
462	イフリ?ト：角復活
463	イフリ?ト：怒りオン
464	炎獄の楔：出現
465	炎獄の楔：死亡
474	만용
475	삼연타
476	발놀림
477	급소 노리기
478	손등치기
479	흥망성쇠
480	광합성
481	활성화
482	대지 균열
483	낙석
484	석회화
485	汎用：詩人技：回避アップ歌
486	汎用：詩人技：攻?アップ歌
487	汎用：詩人技：防御アップ歌
488	맹독의 손길
489	달콤한 검격
490	화염신장
491	무아지경
492	꿰뚫는 화살
493	汎用：巴術技：??スロウ
494	汎用：巴術技：??防御DOWN
495	유치한 속임수
496	모래 뿌리기
497	몸통 박기
498	싸늘한 시선
499	석화의 눈빛
500	폭주
501	바늘 50개
502	바늘 100개
503	"바늘 1,000개"
504	망치부리
505	석화 숨결
506	마비 숨결
507	독 숨결
508	최면 숨결
509	울부짖기
510	물어뜯기
511	흡혈 물어뜯기
512	저주의 시선
513	공포의 시선
514	레벨 5 석화
515	경질화
516	갑각 파열
517	화염 태풍
518	벼락 세례
519	번개 송곳니
520	박치기
521	괴성
522	라놀린
523	날카로운 턱
524	산성 분무
525	드릴 대포
526	합금 드릴
527	한계 돌파
528	모래 숨결
529	모래폭풍
530	독 숨결
531	대지 파괴
532	지진
533	모래기둥
534	웅장한 검격
535	웅장한 타격
536	분열
537	마도 레이저
538	과열
539	고갈
540	마도 필드
541	물기
542	물 뿌리기
543	모래 흩뿌리기
544	광란의 포식
545	압사 발구르기
546	쿠자타: 마비 음파 공격
547	지진 균열
548	불러들이기
549	쿠자타: 낭랑한 울음소리
550	쿠자타: 급속 돌진
551	흙투성이
552	가시털 날리기
553	철갑
554	수류탄
555	물대포
556	물의 구체
557	찢어베기
558	타액 발사
559	용의 숨결
560	화강암 세례
561	돌려차기
562	대규모 폭발
563	유독성 토사물
564	착륙
565	カラ?ドラゴン：飛び立ち消滅
566	거품 세례
567	가위손
568	거품목욕
569	집게몰이
570	쪼기
571	노린내
572	썩은 트림
573	날아라 정어리
574	음식 역류
575	두들겨 부수기
576	빨아들이기
577	구부: 삼키기
578	구부: 뱉어내기
579	곰팡이 재채기
580	역겨운 재채기
581	아토모스: 삼키기
582	아토모스: 뱉어내기
583	괴이한 시선
584	부패 브레스
585	저주
586	원한
587	투과
588	마비 촉수
589	가시 촉수
590	찢어지는 비명
591	몸통 박치기
592	자장가
593	달콤한 향기
594	절규
595	내던지기
596	야만스러운 포효
597	ドラゴン毒沼：?生ル?プ
598	ドラゴン毒沼：消滅
599	생명수
600	뼛가루
601	부리 휘두르기
602	애통한 외침
603	우렁찬 외침
604	역한 입냄새
605	달콤한 입냄새
606	꼬챙이
607	방어 기동
608	찢어발기기
609	큰손
610	강철 발톱
611	デスクロ?：デスクロ?解除
612	뼈대 꺾기
613	팔꿈치 찍기
614	속쓰림
615	건망증
616	열기
617	열광
618	연속 타격
619	문드러진 꼬리
620	잔혹한 도살자
621	잔혹한 빛무리
622	황폐화
623	지옥의 사자
624	잔혹한 운명
625	10톤즈 후려치기
626	10톤즈 휘두르기
627	100톤즈 후려치기
628	100톤즈 휘두르기
629	노려보기
630	동물적 본능
631	아이 오브 비홀더
632	불꽃 비늘
633	할퀴기
634	토파즈의 빛
635	웅크리기
636	몸통 박치기
637	돌풍
638	날리기
639	하강 기류
640	에메랄드의 광휘
641	바위 쪼개기
642	격진
643	산 쪼개기
644	대지의 무게
645	화강암 감옥
646	타이탄: 시한폭탄 바위
647	잔혹한 도살자
648	잔혹한 운명
649	황폐화
650	산사태
651	대지 붕괴
652	대지의 분노
653	タイタン：心?露出
654	タイタン：飛ぶ
655	タイタン：着地する
656	바람의 칼날
657	하강 기류
658	마녀의 수레바퀴
659	반동 기류
660	삭풍의 노래
661	삭풍의 비명
662	대기 폭발
663	대선풍
664	태풍의 눈
665	깃털창
666	따뜻한 기류
667	삭풍의 노래
668	신기루
669	광란의 소요
670	지옥의 늪
671	회오리
672	문드러진 꼬리
673	전자기학
674	방어 반응
675	화염 기류
676	화염 숨결
677	자폭
678	자폭
679	폭격
680	완전 파괴
681	아이즈 온 미
682	분리
683	하얀 숨결
684	ヒュドラ：首再生
685	화염 구체
686	화염 구체
687	빙결 구체
688	빙결 구체
689	방사 브레스
690	바실리스크: 꼬리 공격
691	격노의 포효
692	대규모 충돌
693	ヘカトンケイルリ?ダ?：壁?り
694	분노의 포효
695	ヘカトンケイルメイジ：壁?り
696	汎用：逃げる
697	파멸 영역
698	끈끈이 거미줄
699	蜘蛛：コチュ?落下予兆
700	蜘蛛：コチュ?落下
701	명주실 장막
702	치명적 일격
703	거미: 독 지역
704	꼬리 허물벗기
705	암흑의 안개
706	섬뜩한 등불
707	섬뜩한 불꽃
708	ヒュドラ：右側首A破?
709	ヒュドラ：右側首B破?
710	ヒュドラ：左側首A破?
711	ヒュドラ：左側首B破?
712	ヒュドラ：右側首A復活
713	ヒュドラ：右側首B復活
714	ヒュドラ：左側首A復活
715	ヒュドラ：左側首B復活
716	용맹한 사격
717	재빠른 검격
718	방패 가격
719	경계
720	압도
721	새털 걸음
722	직선 찌르기
723	일제 사격
724	소화
725	액체 뿌리기
726	액체 뿌리기
727	액체 뿌리기
728	액체 뿌리기
729	汎用：詩人技：ヘヴィショット
730	독액 살포
731	흡혈
732	흡입
733	용암 분출
734	광휘의 불기둥
735	미아즈마 브레스
736	어둠의 파동
737	몸통 박치기
738	전기 파동
739	피의 발톱
740	공포의 눈길
741	공명
742	어둠의 축제
743	눈 찌르기
744	헤이스트
745	어둠의 가시
746	영혼 분리
749	대재앙
750	사악한 눈길
751	혼돈의 숨결
758	검은 구름
759	좀먹힌 우울
760	자욱한 근심
762	황혼의 칼날
763	단죄
764	대폭발
765	초폭발
766	방전
767	방전
768	혜성
769	폭사
770	낙뢰
771	대소용돌이
772	대소용돌이
773	사나운 뿔
774	ベヒ?モス：二本足
775	호령
776	일식의 메테오
777	공격
778	투창 궁니르
779	암흑강철 고삐
780	참철검
781	석화의 방
782	슬픔의 방
783	발크누트
784	둔화의 방
785	에인헤랴르
786	투지의 파동
787	바위 쪼개기
788	산 쪼개기
789	대지의 수호
790	산사태
791	대지의 분노
792	바람의 칼날
793	충격파
794	대기 난도질
795	악화
796	대기 폭발
797	진홍 회오리
798	불타는 일격
799	광휘의 방패
800	화염 작열
801	지옥의 화염
802	빛의 치유
803	빛의 속삭임
804	요정의 서약
805	요정의 광휘
806	빛의 치유
807	빛의 침묵
808	요정의 달빛
809	요정의 햇빛
810	요정의 손길
811	요정의 바람
817	초코 강타
818	초코 방어
819	초코 발차기
820	초코 내려찍기
821	초코 돌풍
822	초코 돌격
823	초코 쪼기
824	초코 때리기
825	초코 메디카
826	초코 쇄도
827	초코 케알
828	초코 리제네
829	백렬권
830	汎用：絶?回避
831	コボルド：大型爆?
832	コボルド：範?被ダメ?ジカット
833	コボルド：範?被ダメ?ジカット?
834	도약 공격
835	기습
836	シュポシェ池：出現予兆
837	シュポシェ池：予兆解除
838	シュポシェ池：出現
839	폭탄 기폭
840	대폭탄 기폭
854	보이드 파이가
855	보이드 파이라
856	보이드 선더가
857	폭탄 집어던지기
858	이단 찌르기
859	얼음 보호막
860	영혼 흡수
861	고주망태권
862	소형 폭탄 기폭
863	도토리 작렬탄
864	화염 작열
865	야생의 일격
866	강력한 찌르기
867	요마 소환
868	유혹
869	싸늘한 안개
870	공격
871	공격
872	공격
873	공격
874	공격
875	공격
876	공격
877	공격
878	공격
879	공격
880	공격
881	공격
882	공격
883	공격
884	공격
885	공격
886	공격
887	공격
888	공격
889	공격
890	공격
891	공격
892	공격
893	공격
894	공격
895	공격
896	공격
897	공격
898	공격
899	공격
900	토네이도
901	할퀴기
902	화염 숨결
903	징벌
904	새싹치기
905	새싹돌기
906	줄기 치기
907	작은 발톱
908	FF11クラブ：泡ブレス
909	회전 돌진
910	물의 벽
911	암흑 구체
912	힐난
913	고통의 채찍
914	가스 연막
915	곰발톱
916	깃털 날리기
917	선풍
918	예리한 벌침
919	마지막 벌침
920	기습 파열
921	바람베기
922	산들바람 외투
923	순환
924	둔화의 외침
925	FF12ミリアムガ?ド：マップOBJ召喚武器投げ
926	FF12ミリアムガ?ド：マップOBJ召喚4つ同時
927	다가오는 어둠
928	어둠
929	파멸의 선
930	파멸의 파동
931	살육
932	삼단베기
933	끔찍한 포효
934	죽음의 광선
935	꼬리 휘두르기
936	압살 송곳니
937	압사
938	위협
939	세로베기
940	거대 낫질
941	곰팡이 가래침
942	구부의 비탄
943	집단구타
945	칼갈이
946	저주의 말
947	모두의 원한
948	급소 찌르기
949	저주의 유언
950	빨아들이기
951	아이즈 온 미
952	ア?リマン：仲間を呼ぶ
953	청린 기둥
954	소방용수
955	암석의 질주
956	모래기둥
957	모래기둥
958	황폐화
959	모래기둥
960	가고일: 암흑의 늪 발동
961	透明：ガ?ゴイル暗?沼?生
962	역청의 바다
963	만용
964	생명수
965	쪼기
966	파이어
967	블리자드
968	선더
969	에어로
970	스톤
971	워터
972	컬랩스
973	대지의 무게
974	신경 파괴
975	목 비틀기
976	핥기
977	뚜껑 따기
978	늪지 폭탄
979	불쾌한 냄새
980	늪지의 거품
981	썩은 물보라
982	신비한 빛
983	끌어당기기
984	화염 태풍
985	벼락 세례
986	회전 돌진
987	정신파괴
988	흡혈의 손길
989	크게 휘두르기
990	음향 폭탄
991	허세
992	고블린 공격
993	대화염
994	うろこトカゲ：雷?性ON
995	대방전
996	거품 작렬
997	검은 살의
998	암흑의 지붕
999	신경 파괴
1000	모래 뿌리기
1001	다텔레포
1002	들이받기
1003	강철 폭풍
1004	타액 발사
1005	압도
1006	힘겨운 뜀뛰기
1007	대폭발
1008	스톤스킨
1009	케알
1010	몸통 박기
1011	벼락 세례
1012	연속 타격
1014	산성 안개
1015	칼날 날개
1016	워터라
1017	붕괴
1018	독가시 꼬리
1019	태풍
1020	태풍
1021	작열지옥
1022	서리 숨결
1023	얼음판
1024	얼음판
1025	분노의 서릿발
1026	인두질
1027	착륙
1028	폭설
1029	大砲：?射：成功
1030	작열지옥
1031	마구 때리기
1032	금빛 쇄도
1033	금빛 먼지
1034	10톤즈 후려치기
1035	100톤즈 후려치기
1036	역한 입냄새
1037	꼬챙이
1038	점균 폭발
1039	점균 발사
1040	싹틔우기
1041	ベビ?モルボル?用：AA/モルボル菌つき
1042	유독 가스
1043	유독 가스
1044	죽음의 수렁
1045	액화
1046	액화
1047	밀쳐내기
1048	보이드 파이라
1049	번개 강타
1050	번개 폭풍
1051	충격
1052	대폭발
1056	격려
1057	독액 분사
1059	레벨 5 데스
1060	기름 화살
1061	원초적 진노
1062	원초적 분노
1064	창공의 화룡 강타
1065	용기의 영예
1066	인내의 영예
1067	무적의 진격 행진곡 (임시)
1068	작렬파
1069	거품 작렬
1070	위로의 노래
1071	플라스마 방출
1072	괴이한 시선
1073	꼬리쓸기
1074	참사 도래
1075	열병의 독기
1076	흑사병 구름
1077	공포의 눈길
1078	정신 붕괴
1079	병폐
1080	재활성
1081	씨뿌리기
1082	요마 소환
1083	보이드 파이가
1084	보이드 파이라
1085	보이드 선더가
1086	낙석
1087	대지 균열
1088	완전 파괴
1089	실명의 비약
1090	곰팡이 재채기
1091	염증 파열
1092	메테오 스트라이크
1093	파동 충격
1094	파동탄
1095	정신집중
1096	정신집중
1097	번개 강타
1098	외면의 기개
1099	핏자국
1100	힐난
1101	화염 숨결
1102	냉기 숨결
1103	번개 숨결
1104	빙결의 포효
1105	뇌전의 포효
1106	차디찬 시선
1107	불협화음
1108	혼돈의 대합창
1109	아래턱 물기
1110	포름산 페로몬
1111	모래 태풍
1112	모래늪
1113	모래기둥
1114	아이즈 온 미
1115	소방용수
1116	별자리 지도
1117	사일레스
1118	파라이즈
1119	슬로우
1120	워터
1121	암석의 질주
1122	뼈대 꺾기
1123	뼈대 꺾기
1124	팔꿈치 찍기
1125	연속 타격
1126	다텔레포
1127	유린
1128	마도포
1129	마도 광자포
1130	힘겨운 뜀뛰기
1131	열기
1132	지옥의 사자
1133	초대형 폭탄
1134	포격
1135	두 동강 내기
1136	붕괴
1137	방패 찌르기
1138	타르타로스의 바람
1139	타르타로스의 문
1140	유산탄
1141	철갑탄
1142	화염탄
1143	마도 미사일
1144	마도 미사일
1145	무아삼각권
1146	종횡질풍참
1147	뇌광수면축
1148	아글라이아 쌍격
1149	맹수화염격
1150	아글라이아 상승격
1151	공격 명령
1152	측면 휘두르기
1153	묠니르 내려치기
1154	묠니르 회전베기
1155	묠니르 상승격
1156	강화 회전베기
1157	강화 상승격
1158	강화 내려치기
1159	눈에는 눈
1160	각성
1161	석화의 눈빛
1162	용의 피
1163	썩은 고기
1164	정신의 화살
1165	급소 찌르기
1166	점액 살포
1167	에테르 방사
1168	魔導ジャガ?ノ?ト：GT攻?
1169	魔導ジャガ?ノ?ト：前方扇範?攻?
1170	동화
1171	중화
1172	마도 광자포
1173	アルテマウェポン：アルテマ?/生成
1174	폭뢰 기폭
1175	확산 레이저
1176	마도 레이저
1177	마도 레이저
1178	마도 레이저
1179	청린 방출
1180	유도 레이저
1181	투석
1182	폭렬 난사
1183	대기 폭발
1184	산사태
1185	바위 던지기
1186	용암 분출
1187	대지의 분노
1188	광휘의 불기둥
1189	지옥의 화염
1190	마도 플레어
1191	맹공포
1192	유폭
1193	알테마
1194	알테마 파동
1195	순수
1196	제IX호
1197	제국의 손
1198	파멸의 종착역
1199	선고
1200	人型：??軍/魔導火フィ?ルド
1201	심판의 날
1202	파멸의 종착역
1203	심판의 날
1204	마도포
1205	휩쓸기
1206	휩쓸기
1207	공격
1208	머리 휘두르기
1209	꼬리 휘두르기
1210	게워내기
1211	강철 비늘
1212	유포
1213	파열
1214	단물
1215	공격
1216	고압 전류
1217	격퇴포
1218	알라그 부패
1219	알라그 부패
1220	중력장
1221	무게추 깔기
1222	무게추 깔기
1223	무게추 깔기
1224	진공파
1225	번개 사슬
1226	화염 기류
1227	투과 레이저
1228	해체 흡수
1229	물체 199
1230	피 빨기
1231	둥글게 휘두르기
1232	급속 냉각
1233	둥글게 휘두르기
1234	급속 냉각
1235	자동반격 시스템
1236	중력포
1237	두창
1238	원심 타격
1239	자기 강화 프로그램
1240	곤두박질
1241	사형 선고
1242	사형 선고
1243	지옥의 늪
1244	불보라
1245	불보라
1246	화염구
1247	급강하 폭격
1248	에테르 홍수
1249	회오리
1250	회오리
1251	짓밟힌 의지
1252	연쇄 폭파
1253	연쇄 폭파
1254	화염구
1255	마력 방출
1256	마력 방출
1257	집어던지기
1258	긴급 체제 변환
1259	저주의 칼날
1260	장송격
1261	흐느낌
1262	유령의 보주
1263	소각 처분
1264	증기 세정
1265	분쇄의 철퇴
1266	초열지옥
1267	대기의 포효
1268	무거운 충격
1269	강림
1270	선더라
1271	신 드라이브
1272	공격
1273	공격
1274	공격
1275	유폭
1277	작열지옥
1278	삼두정치
1279	비열한 채찍
1280	공포의 안개
1281	용기
1282	전갈 독침
1283	전류 충전
1284	얼음 충전
1285	빙결의 포효
1286	성능 향상
1287	빛의 구원
1288	정신 속박
1289	중력 가격
1290	스톱
1291	후방 이동
1292	측면 이동
1293	측면 이동
1294	신속한 그림자
1295	고통의 폭염
1296	다텔레포
1297	불타는 촉수
1298	불타는 촉수
1299	두 동강 내기
1300	돌격
1301	명상
1302	재생
1303	표리부동
1304	다크 블리자가
1305	다크 파이가
1306	소환
1307	소환 2
1308	산성 안개
1309	독가시 꼬리
1311	번개 그물
1312	스톤스킨
1313	내면의 야수
1314	해병의 정신력
1315	번개 사슬
1316	얼음쐐기 지대
1317	좀비 소환
1318	점프
1319	용의 저주
1320	용의 저주
1321	용의 저주
1323	광휘의 방패
1324	지옥의 화염
1325	공격
1327	모두의 원한
1328	누군가의 원한
1329	유혹의 노래
1330	지옥의 심판
1331	스톤
1332	대지의 분노
1333	바위 우레
1334	충격파
1335	대기 폭발
1336	냉기 숨결
1337	번개 숨결
1338	뇌전의 포효
1339	차디찬 시선
1340	불협화음
1341	불안정한 원소
1342	화염 숨결
1343	무게추 깔기
1344	포격
1345	빛의 가호
1346	공격
1347	공격
1348	최후의 만찬
1349	아마겟돈
1350	공격
1352	공격
1353	소각
1354	폭렬 난사
1355	용암 분출
1356	광휘의 불기둥
1357	지옥의 화염
1358	용암 분출
1359	광휘의 불기둥
1360	바위 쪼개기
1361	격진
1362	대지의 무게
1363	대지의 무게
1364	산사태
1365	대지 붕괴
1366	대지의 분노
1367	웅장한 검격
1368	웅장한 타격
1369	분열
1370	마도 레이저
1371	과열
1372	고갈
1373	마도 필드
1374	암흑 구체
1375	역청의 바다
1376	밤의 손아귀
1377	섀도우 플레어
1378	오염 대포
1379	바람의 칼날
1380	하강 기류
1381	마녀의 수레바퀴
1382	반동 기류
1383	삭풍의 노래
1384	삭풍의 비명
1385	대기 폭발
1386	대선풍
1387	태풍의 눈
1388	깃털창
1389	따뜻한 기류
1390	삭풍의 노래
1391	역청의 바다
1392	저주의 말
1393	독 숨결
1394	파이어
1395	블리자드
1396	선더
1397	에어로
1398	스톤
1399	마도 레이저
1400	마도 레이저
1401	마도 레이저
1402	용암 분출
1403	광휘의 불기둥
1404	진홍 회오리
1405	지옥의 화염
1406	대폭발
1407	대지 붕괴
1408	대지의 분노
1409	삭풍의 노래
1410	태풍의 눈
1411	대기 폭발
1412	공격
1413	살육
1414	삼단베기
1415	공격
1416	돌머리
1417	바위 우레
1418	진정한 투지
1419	낙석
1420	공격
1421	마도 레이저
1422	마도 레이저
1423	마도 레이저
1424	대지의 무게
1425	웅장한 검격
1426	마도 레이저
1427	고갈
1428	웅장한 타격
1429	마도 광자포
1430	마도포
1431	마도 광자포
1432	마도포
1433	드릴 대포
1434	합금 드릴
1435	한계 돌파
1436	빛의 가호
1437	포격
1438	마도 광자포
1439	마도포
1440	다크 블리자가
1441	다크 파이가
1442	뇌전의 포효
1443	작렬파
1444	생명수
1445	완전 파괴
1446	바위 우레
1447	고압 전류
1448	격퇴포
1449	번개 사슬
1450	투과 레이저
1451	불보라
1452	화염구
1453	마력 방출
1454	포식
1455	큰손
1456	급강하 폭격
1457	지옥의 늪
1458	사형 선고
1459	공격
1460	공격
1461	공격
1463	바위 쪼개기
1464	산 쪼개기
1465	격진
1466	대격진
1467	산사태
1468	산사태
1469	대지의 무게
1470	대지의 무게
1471	대폭발
1472	대지 붕괴
1473	대지의 분노
1474	대격진
1475	산사태
1476	격진
1477	화강암 무덤
1482	공격
1483	죽은 자의 노래
1484	습격
1485	광기의 노래
1486	고통의 노래
1487	망자의 노래
1488	공격
1489	광란
1490	부식성 토사물
1491	날개바람
1492	원심 타격
1493	상승
1494	음파 폭풍
1495	하강
1496	공격
1497	폭음 파동
1498	부패의 사격
1499	부패의 침
1500	부패 작렬
1501	공중 사격
1502	기가 슬래시
1503	흡착식 에테르 폭뢰
1504	청린 방출
1505	유도 레이저
1506	확산 레이저
1507	마도 레이저
1508	마도 레이저
1509	마도 레이저
1510	폭뢰 기폭
1511	에테르 파동
1512	폭뢰 기폭
1513	융합 폭발
1514	마도 플레어
1515	유폭
1516	알테마
1517	삭풍의 노래
1518	폭렬 난사
1519	태풍의 눈
1520	대지 붕괴
1521	광휘의 불기둥
1522	대지의 무게
1523	대폭발
1524	용암 분출
1525	진홍 회오리
1526	맹공포
1527	예리한 관통
1528	소각
1529	작열의 포효
1530	뜨거운 바람
1531	폭렬 난사
1532	진홍 회오리
1533	공격
1534	염옥의 사슬
1535	염옥의 불꽃
1536	지옥의 화염
1537	비상
1538	강하
1539	물귀신 작전
1542	크리스탈 세례
1543	날개바람
1544	어미새의 분노
1545	부화
1546	흡착 폭뢰 기폭
1547	급강하
1548	바람의 칼날
1549	바람의 칼날
1550	깃털비
1551	따뜻한 기류
1552	마녀의 수레바퀴
1553	하강 기류
1554	대기 폭발
1555	대폭풍
1556	돌개바람
1557	대형 돌개바람
1558	귀갑 방패
1559	명예로운 일격
1560	미스릴 폭풍
1561	전쟁의 짜릿함
1562	전력 강타
1563	찍어차기
1564	공중제비
1565	구속 방지
1566	연쇄 돌격
1567	꼬챙이 꿰기
1568	마나의 노래
1569	원거리 사격
1570	폭발 사격
1571	여신의 자비
1572	여신의 숨결
1573	어둠의 날개
1574	유령 쐐기
1575	안개의 장막
1576	쇠퇴
1577	생명파동술
1578	정신통일책
1579	무기 투척
1580	분발
1581	에테르 분출
1582	전념
1583	마나 흡수
1584	정화
1585	조화
1586	간파
1587	천리안
1588	강습 공격
1589	재앙의 바람
1590	활기
1591	저격
1592	전기 충격
1593	총성
1594	역행
1595	타르 웅덩이
1596	욕망의 냉기
1597	되받아치기
1610	피로 물든 검
1611	透明：合?引き寄せ/ハウケタハ?ド
1612	망자의 춤
1613	100모그즈 후려치기
1614	회전모그마
1615	회전 모그방패
1616	덤벼라쿠뽀!
1617	폼폼 플레어
1618	폼폼 메테오
1619	폼폼 케알
1620	폼폼 홀리
1621	모그리 사격
1622	모그리 죽음의 화살비
1623	모그리 행진곡
1624	모그리 행진곡
1625	모그 찌르기
1626	1000모그즈 돌진
1627	삼라의 선왕
1628	메멘토 모그리
1629	회전모그마
1630	덤벼라쿠뽀!
1631	폼폼 메테오
1632	폼폼 홀리
1633	모그리 죽음의 화살비
1634	모그리 행진곡
1635	透明：モ?グリ：モ?グリショット：タ?ゲッティング/ノ?マル
1636	透明：モ?グリ：アロ?レイン：タ?ゲッティング/ノ?マル
1637	부활의 주문
1638	땅울림
1639	힘 모으기
1640	통한의 일격
1641	통한의 일격
1642	필살의 정권
1643	열 받음
1644	블리자가 5
1645	파이어 5
1646	그라비데 2
1647	열 받음
1648	토네이도 2
1649	데존
1650	透明：アルテマウェポン：アルテマ?タ?ゲッティング
1651	タイタン?エギ：タイタンハ?ド/ＡＡ
1652	透明：タイタン：岩の牢獄
1653	흡착
1654	산성 안개
1655	가스 연막
1656	돌발 홍수
1657	염산 뿌리기
1658	매질
1659	부정한 독기
1660	낙하
1661	위협의 손길
1662	파라이가
1663	배니시
1664	배니시가
1665	배니시
1666	분열
1667	회전 돌진
1668	에테르 폭발
1669	에테르 폭발
1670	매질
1671	태풍의 눈
1672	대기 작렬
1673	채찍질
1674	소음 공해
1675	좀비화
1676	용암 분출
1677	용암 분출
1678	파이라
1679	다크 파이가
1680	자폭
1681	낙석
1682	대지 균열
1683	심핵의 빛
1684	자폭
1685	다크 파이가
1686	중금속 충격
1687	강공격
1688	충격의 포효
1689	모래기둥
1690	강속구
1691	대폭발
1692	분진 폭발
1693	자폭
1694	해독
1695	탐색
1696	보이드 블리자가
1697	보이드 블리자드
1698	얼음 낙하
1699	명계의 폭발
1700	ア?クデ?モン：AA
1701	심연의 공격
1702	심연의 관통
1703	심연의 돌격
1704	어둠의 미사일
1705	처형 판결
1706	심연의 돌격
1707	죽음의 낫
1708	갈가리 찢기
1709	보이드의 독기
1710	망자의 춤
1711	지옥의 심판
1712	살육
1713	끔찍한 포효
1714	보이드 파이라
1715	보이드 선더가
1716	암흑의 안개
1717	보이드 파이자
1718	보이드 선더자
1719	현혹의 안개
1720	핏빛 비
1721	핏빛 비
1722	핏빛 비
1723	보이드 파이라
1724	암흑의 안개
1725	일도양단
1726	0차원
1730	에인션트 플레어
1731	에인션트 플레어
1732	퀘이가
1733	진공베기
1734	차원베기
1735	메기도 플레임
1736	진공베기
1737	차원베기
1738	차원베기
1739	차원베기
1740	차원베기
1741	메기도 플레임
1742	메기도 플레임
1743	메기도 플레임
1744	메기도 플레임
1745	퀘이크
1746	잘게 썰기
1747	잘게 썰기
1748	에인션트 플레어
1749	섬뜩한 불꽃
1750	낙뢰
1751	대소용돌이
1752	대소용돌이
1753	사나운 뿔
1754	베히모스: 두 다리
1755	호령
1756	일식의 메테오
1757	노리기
1758	화염 폭발
1759	천상의 빛
1760	요마 소환
1761	삭풍의 노래
1762	악마의 유혹
1763	깃털창
1764	불꽃 숨결
1765	재채기
1766	투척
1768	전자기장
1770	힐난
1771	문드러진 꼬리
1772	잔혹한 도살자
1773	잔혹한 빛무리
1774	황폐화
1775	잔혹한 운명
1777	대선풍
1778	눈덩이
1780	낙월파참
1781	분진 확산
1782	어둠의 의지
1783	성화
1784	독 포자
1785	웅장한 검격
1786	웅장한 타격
1787	마도 레이저
1788	공격
1789	자폭
1790	부패 브레스
1791	괴이한 시선
1792	꼬리쓸기
1794	바위 쪼개기
1795	격진
1796	대지의 무게
1797	화강암 감옥
1798	산사태
1799	대지 붕괴
1800	대지의 분노
1801	대지의 무게
1802	흡착식 에테르 폭뢰
1803	청린 방출
1804	유도 레이저
1805	확산 레이저
1806	마도 레이저
1807	마도 레이저
1808	마도 레이저
1809	폭뢰 기폭
1810	에테르 파동
1811	폭뢰 기폭
1812	융합 폭발
1813	마도 플레어
1814	유폭
1815	알테마
1816	삭풍의 노래
1817	폭렬 난사
1818	태풍의 눈
1819	대지 붕괴
1820	광휘의 불기둥
1821	대지의 무게
1822	대폭발
1823	용암 분출
1824	진홍 회오리
1825	맹공포
1826	흡착 폭뢰 기폭
1827	透明：アルテマウェポン：アルテマ?タ?ゲッティング
1828	레벨 5 석화
1829	보이드 파이라
1830	보이드 블리자드
1831	달콤한 검격
1832	대폭발
1833	암흑의 안개
1834	맹독의 손길
1835	대지 파괴
1836	용기
1837	지진
1838	모래늪
1839	대지 파괴
1840	모래 태풍
1841	웅장한 검격
1842	보이드 선더가
1844	꼬리쓸기
1845	소화 효소
1846	포식
1847	더러운 재채기
1848	두들겨 부수기
1849	포자구름
1850	뱉기
1851	포자 폭발
1852	고름 분비
1853	공격
1854	들이마시기
1855	물의 숨결
1856	꼬리 채찍
1857	비늘 화살
1858	물폭풍
1859	물폭풍
1860	몸통 박기
1861	고속 돌진
1862	기절 사격
1863	침몰의 폭풍
1864	물총탄
1865	공포의 폭풍
1866	공포의 물줄기
1867	바다의 포효
1868	바다의 포효
1869	고속 돌진
1870	에테르 흡수
1871	물장구
1872	해일
1873	물폭탄
1874	루인
1875	어둠
1876	공포의 물결
1877	공포의 물결
1878	공포의 물결
1879	공포의 물결
1880	보이드의 저주
1881	밤의 공포
1882	공격
1883	야습
1884	악몽
1885	괴혈병
1886	죽음의 덫
1887	자물쇠 해제
1888	투명: 악마의 문: 흡수
1889	보이드의 저주
1890	중력 구체
1891	임계 중력
1892	밤의 방패
1893	재앙의 전조
1894	궁극의 공포
1895	어둠의 공포
1896	요마의 비늘가루
1897	허물 벗기
1898	독가루
1899	급습
1900	광풍
1901	상승
1902	괴음파
1903	역병 창궐
1904	부식성 돌풍
1905	비늘가루 폭탄
1906	포탄
1907	치명적 일격
1908	발톱
1909	욕설
1910	허둥지둥
1911	독액
1912	저주받은 구체
1913	죽음의 광선
1914	흉안
1915	희미한 징조
1916	파라이가
1917	물의 반사
1918	폭주
1919	활공 돌진
1920	고블린 돌진
1921	폭탄 던지기
1922	저격
1923	폭발
1924	바늘 산탄
1926	나무통 던지기
1927	청린 폭발
1928	긴급 사출
1929	활공 돌진
1930	총격
1931	화염방사
1932	폭격
1933	융단폭격
1934	결정타
1935	폭발
1936	대폭발
1939	합금 드릴
1940	드릴 대포
1941	한계 돌파
1942	뺑소니
1943	피의 애무
1944	가시채찍
1945	향기의 덫
1946	포식
1947	방출
1948	점액 배출
1949	시든 꽃다발
1950	잎사귀 폭풍
1951	잎사귀 폭풍
1952	벌레 떼
1953	산성비
1954	썩은 냄새
1955	예리한 벌침
1956	치명적인 벌침
1957	산성 분무
1958	산성 구름
1959	산성 분비물
1960	꼬리치기
1961	홍련의 칼날
1962	화염의 원
1963	회전 베기
1964	저주의 목소리
1965	석화의 목소리
1966	신경질
1967	저주의 외침
1968	석화의 외침
1969	석화
1970	맹독 꼬리
1971	맹독 꼬리
1972	꼬리치기
1973	회전 베기
1974	용기
1975	사격
1976	조준 사격
1977	빗발치는 화살
1978	어둠의 구체
1979	석화
1980	공포의 구체
1981	훈계
1982	훈계
1983	훈계
1984	공격
1985	공격
1986	확산 광선
1987	두뇌 장악
1988	알라그 필드
1989	임계 돌파
1990	기화 폭탄
1991	유도 미사일
1992	원자 파동
1993	관성 기류
1994	탄도 미사일
1995	탄도 미사일
1996	탄도 미사일
1997	탄도 미사일
1998	생명 흡수
1999	방어 반응
2000	방해 파동
2001	지뢰 폭발
2002	지뢰 대폭발
2003	원심 타격
2004	소각 처분
2005	흉조의 발톱
2006	흉조의 부리
2007	흉조의 비상
2008	강철 전차
2009	강철 전차
2010	달의 원동력
2011	달의 원동력
2012	달라가브 강하
2013	흉조의 강하
2014	유성 폭풍
2015	열전자 광선
2016	초신성
2017	만유인력
2018	구속의 고리
2019	질식
2020	천지붕괴
2021	열전자 폭발
2022	용신의 가호
2023	메가플레어
2024	메가플레어
2025	운석 낙하
2026	운석 낙하
2027	운석 낙하
2028	파편 폭발
2029	돌머리
2030	바위 우레
2031	완전 파괴
2032	심핵의 빛
2033	무거운 충격
2034	무거운 충격
2035	무거운 충격
2036	무거운 충격
2037	대지 충격파
2038	자력
2039	화염 구체
2040	치명상
2041	구속의 사슬
2042	신경망 파열
2043	화염구
2044	얼음구
2045	번개 사슬
2046	번개 사슬
2047	인두질
2048	인두질
2049	인두질
2050	1000모그즈 후려치기
2051	회전모그마
2052	모그의 그림자
2053	덤벼라쿠뽀!
2054	모그의 빛
2055	폼폼 플레어
2056	폼폼 메테오
2057	모그의 저주
2058	폼폼 케알
2059	폼폼 홀리
2060	모그리 응원가
2061	모그리 사격
2062	모그리 죽음의 화살비
2063	모그모그 삼각편대
2064	모그모그 삼각편대
2065	기습쿠뽀
2066	속임수쿠뽀
2067	1000모그즈 돌진
2068	삼라의 선왕
2069	모글레스 오블리주
2070	출동 명령!
2071	투혼 주입!
2072	모그 메테오
2073	절단 공격
2074	초소형 벽
2075	1000톤즈 휘두르기
2076	포식자의 본능
2077	쏘아보기
2078	10톤즈 후려치기
2079	100톤즈 후려치기
2080	100톤즈 휘두르기
2081	아이 오브 비홀더
2082	공격
2083	공포의 물결
2084	공포의 물결
2085	공포의 물결
2086	물의 숨결
2087	꼬리 채찍
2088	비늘 화살
2089	물폭풍
2090	몸통 박기
2091	바다의 포효
2092	고속 돌진
2093	물장구
2094	해일
2095	물폭탄
2096	수력 대포
2097	물의 거울
2098	고속 돌진
2099	악마의 눈동자
2100	안광
2101	뿔소 돌진
2102	백안시
2103	마안
2104	마안
2105	마수의 포효
2106	잎사귀 폭풍
2107	천지붕괴
2108	선풍참
2109	선풍참
2110	끝장타
2111	끝장타
2112	프라다만테
2113	기가 점프
2114	개구리의 노래
2115	작은 멜로디
2116	로켓 주먹
2117	굽실굽실
2118	진공 칼날
2119	폭발
2121	메멘토 모그리
2122	폭탄 던지기
2123	여신의 구속
2124	여신의 정원
2125	십자창
2126	십자창
2127	정지
2128	달 신의 분노
2129	달 신의 심판
2130	화염구
2131	화염의 숨결
2132	꼬리 매타작
2133	치명적 구속
2134	야성의 돌진
2135	낚시등
2136	비전서 제작법 습득
2137	불똥
2138	전류
2140	폭격
2141	대형 철구
2142	씨앗 투척
2143	화염 숨결
2144	빙결의 포효
2145	뇌전의 포효
2146	머리 휘두르기
2147	꼬리 휘두르기
2148	게워내기
2149	선풍
2150	사격
2151	공격
2152	맥박 전송
2153	透明：メテオ核予兆/小：バハム?トダンジョン2/Trash
2154	폭격
2155	점균 확산
2156	산성비
2157	열광
2158	희생
2159	프라다만테
2160	방출
2161	바하무트의 발톱
2162	リヴァイアサン：魔法反?
2163	リヴァイアサン：遠隔反?
2164	수신의 망토
2165	수신의 장막
2166	모그 메테오
2167	별조각
2168	산성 안개
2169	가시채찍
2170	잎사귀 폭풍
2171	탄도 미사일
2172	탄도 미사일
2173	탄도 미사일
2174	透明：メテオ核予兆/大：バハム?トダンジョン2/Trash
2175	파이라
2176	선더가
2177	전압 폭등
2178	불티
2179	돌멩이
2180	자라는 가시나무
2181	고블린 돌진
2182	폭탄 던지기
2183	강력 공격
2184	물방울 폭발
2185	모그모그 삼각편대
2186	고속 돌진
2187	고속 돌진
2188	압도
2189	활공 돌진
2190	저격
2191	달 신의 분노
2192	공격
2193	물의 숨결
2194	꼬리 채찍
2195	비늘 화살
2196	물폭풍
2197	몸통 박기
2198	고속 돌진
2199	바다의 포효
2200	물장구
2201	해일
2202	물폭탄
2203	공포의 물결
2204	바나나 먹기
2205	구타
2206	암석 던지기
2207	북치기
2208	달려들기
2209	매질
2210	휩쓸기
2211	암석 던지기
2212	먹물 뿌리기
2213	먹물 뿌리기
2214	루인
2215	포획
2216	내던지기
2217	물대포
2218	휩쓸기
2219	매질
2220	세상의 끝에서
2221	작열지옥
2222	치명상
2223	얼음구
2224	용의 피
2225	불쾌한 비명
2226	透明：ギミック汎用：引き寄せ
2227	쇠덫
2228	물길
2229	고압 물덩이
2230	물덩이 폭발
2231	썰물
2232	수중 감옥
2233	해방
2234	물기둥
2235	대분출
2236	거대 소용돌이
2237	포격
2238	뇌격탄
2239	바나나 먹기
2240	쌍검 회전베기
2241	잔영
2242	돌풍베기
2243	벌독
2244	무쌍베기
2245	은신술
2246	마무리 일격
2247	칼 던지기
2248	약탈
2249	질타
2250	기습 공격
2251	춤추는 칼날
2252	뱀독
2253	은신술
2254	피의 비
2255	칼날 선풍
2256	목 따기
2257	그림자 송곳니
2258	속임수 공격
2259	하늘의 인
2260	인술
2261	땅의 인
2262	축지법
2263	사람의 인
2264	생사여탈
2265	풍마의 수리검
2266	화둔술
2267	뇌둔술
2268	빙둔술
2269	풍둔술
2270	토둔술
2271	수둔술
2272	소환술
2273	낫가르기
2274	번개 충격
2275	번개 불꽃
2276	번개 폭풍
2277	번개 폭풍
2278	번개 폭풍
2279	심판의 벼락
2280	혼돈의 일격
2281	뇌신의 북소리
2282	낙뢰
2283	충전
2284	번개 충격
2285	번개 불꽃
2286	번개 폭풍
2287	번개 폭풍
2288	번개 폭풍
2289	심판의 벼락
2290	혼돈의 일격
2291	뇌신의 북소리
2292	낙뢰
2293	할퀴기
2294	화염 숨결
2295	징벌
2296	단말마
2297	단말마
2298	물기
2299	세게 짓밟기
2300	초경화
2301	アダマン：?ドラゴン：回?ジェット準備：スト?ンヴィジルハ?ド
2302	채찍난무
2303	アダマン：?ドラゴン：回?ジェット終了：スト?ンヴィジルハ?ド
2304	튕겨내기
2305	전기 파동
2306	꼬리 휘두르기
2307	착탄
2308	뇌격 착탄
2309	튕겨내기
2310	발톱 난도질
2311	화염구
2312	화염의 숨결
2313	꼬리 매타작
2314	야성의 돌진
2315	대흥분
2316	뼈대 흔들기
2317	에인션트 플레어
2318	먹물
2319	부정함
2320	강철의 정의
2321	넘어뜨리기
2322	화염의 영혼
2323	빙결의 영혼
2324	방전의 영혼
2325	강철의 정의
2326	여명
2327	여명
2328	여명
2329	불 건너기
2330	작열하는 사슬
2331	영원한 고통
2332	왕의 유언
2333	영혼 분리
2334	물벼락
2335	비늘 물결
2336	무너지는 하늘
2337	퀘이크
2338	용의 숨결
2339	드레인
2340	브레크가
2341	통구이
2342	인두질
2343	화염구
2344	달부메랑
2345	달부메랑
2346	별주먹
2347	에인션트 플레어
2348	오라 발사
2349	핏빛 달
2350	강철의 정의
2351	죽음의 홍수
2352	공포의 눈길
2353	비열한 발언
2354	쌍도끼질
2355	주먹질
2356	불타는 광란
2357	불타는 광란
2358	오라 포격
2359	에인션트 퀘이크
2360	주술
2361	에인션트 퀘이가
2362	부정함
2363	혜성 낙하
2364	운석 낙하
2365	마과학 반응
2366	마과학 폭발
2367	절대권력
2368	번개
2370	낙뢰
2371	미니멈
2372	마지막 시합
2373	마지막 춤
2374	마지막 노래
2375	플라스마 방출
2376	마지막 노래
2377	불꽃놀이
2378	불꽃놀이
2379	콜로라투라
2380	포르테 파이가
2381	지진
2382	포르테 블리자가
2383	포르테 선더가
2384	포르테 선더가
2385	얼어붙는 비극
2386	두꺼비의 희극
2387	ガ?ディアン：ブレス：詠唱無し
2388	전도율
2389	재빠른 활시위
2390	폭행 명령
2391	부패의 화살
2392	매질
2393	이판사판
2394	자포자기
2395	물귀신 작전
2396	강철의 정의
2397	암운
2398	암흑 성운
2399	영혼 파열
2400	정신 파열
2401	영혼 충전
2402	붉은 결혼식
2403	뜨거운 시선
2404	목매달기
2405	사랑의 선서
2406	황폐화
2407	공포의 눈길
2408	나선 회전
2409	황폐화
2410	레벨 X 석화
2411	스톤
2412	잔혹한 운명
2413	속쓰림
2414	팔꿈치 찍기
2415	연속 타격
2416	100톤즈 후려치기
2417	100톤즈 휘두르기
2418	노려보기
2419	아이 오브 비홀더
2420	화염 태풍
2421	벼락 세례
2422	역한 입냄새
2423	꼬챙이
2424	바위 우레
2425	낙석
2426	자폭
2427	석화 숨결
2428	마비 숨결
2429	독 숨결
2430	공포의 눈길
2431	대폭발
2432	공격
2433	달콤한 검격
2434	마도포
2435	마도 광자포
2436	불꽃 숨결
2437	재채기
2438	오라 장막
2439	카바티나
2440	카바티나
2441	대단원의 열광
2442	다이아몬드 더스트
2443	두꺼비 파이어
2444	보이드 파이라
2445	타액 발사
2446	공격
2447	응시
2448	낮은 굉음
2449	한기
2450	내면의 악마
2451	얼어붙은 검
2452	무기 용해
2453	얼어붙은 지팡이
2454	얼음의 낙인
2455	우박 폭풍
2456	우박 폭풍
2457	영구동토
2458	공격
2459	공격
2460	절대영도
2461	얼음의 환상
2462	고드름 낙하
2463	공격
2464	천상의 일격
2465	빙하 강타
2466	다이아몬드 더스트
2467	透明：シヴァ：凍結レクト：ノックバック用
2468	폭설
2475	소금물 비
2476	소금물 방울
2477	부화
2478	비애의 날개
2479	몸부림
2480	가위손
2481	거품목욕
2482	마지막 벌침
2484	피의 애무
2485	가시채찍
2486	가시채찍
2487	자라는 가시나무
2488	향기의 덫
2489	폭식
2490	방출
2491	방출
2492	점액 배출
2493	시든 꽃다발
2494	잎사귀 폭풍
2495	잎사귀 폭풍
2496	잎사귀 폭풍
2497	벌레 떼
2498	산성비
2499	산성비
2500	썩은 냄새
2501	잎사귀 폭풍
2502	예리한 벌침
2503	치명적인 벌침
2504	산성 분무
2505	산성 구름
2506	산성 분비물
2507	꼬리치기
2508	홍련의 칼날
2509	화염의 원
2510	회전 베기
2511	저주의 목소리
2512	석화의 목소리
2513	신경질
2514	저주의 외침
2515	석화의 외침
2516	석화
2517	맹독 꼬리
2518	맹독 꼬리
2519	꼬리치기
2520	회전 베기
2521	용기
2522	사격
2523	조준 사격
2524	빗발치는 화살
2525	어둠의 구체
2526	석화
2527	공포의 구체
2528	열광
2529	희생
2530	훈계
2531	훈계
2532	훈계
2533	공격
2534	공격
2535	확산 광선
2536	두뇌 장악
2537	알라그 필드
2538	임계 돌파
2539	기화 폭탄
2540	유도 미사일
2541	원자 파동
2542	관성 기류
2543	탄도 미사일
2544	탄도 미사일
2545	탄도 미사일
2546	탄도 미사일
2547	탄도 미사일
2548	생명 흡수
2549	방어 반응
2550	방해 파동
2551	지뢰 폭발
2552	지뢰 대폭발
2553	원심 타격
2554	소각 처분
2555	흉조의 발톱
2556	흉조의 부리
2557	흉조의 비상
2558	강철 전차
2559	달의 원동력
2560	달라가브 강하
2561	흉조의 강하
2562	유성 폭풍
2563	열전자 광선
2564	별조각
2565	바하무트의 발톱
2566	초신성
2567	만유인력
2568	구속의 고리
2569	질식
2570	천지붕괴
2571	열전자 폭발
2572	용신의 가호
2573	메가플레어
2574	메가플레어
2575	운석 낙하
2576	운석 낙하
2577	운석 낙하
2578	파편 폭발
2579	돌머리
2580	바위 우레
2581	완전 파괴
2582	심핵의 빛
2583	무거운 충격
2584	무거운 충격
2585	무거운 충격
2586	무거운 충격
2587	대지 충격파
2588	자력
2589	화염 구체
2590	치명상
2591	구속의 사슬
2592	신경망 파열
2593	화염구
2594	얼음구
2595	번개 사슬
2596	번개 사슬
2597	인두질
2598	인두질
2599	인두질
2600	천지붕괴
2601	씨앗 투척
2602	화염 숨결
2603	빙결의 포효
2604	뇌전의 포효
2605	머리 휘두르기
2606	꼬리 휘두르기
2607	게워내기
2608	선풍
2609	사격
2610	공격
2611	맥박 전송
2612	透明：メテオ核予兆/小：バハム?トダンジョン2/Trash
2613	透明：メテオ核予兆/大：バハム?トダンジョン2/Trash
2615	저압 전류
2616	물체 130
2617	자동 대포
2618	자폭
2619	원한
2620	물 뿜기
2622	박치기
2623	양파즙
2624	꼭지따기
2625	고린내
2626	절규
2627	꽃가루
2628	이상한 왈츠
2630	포격
2631	자폭
2632	透明：2014夏祭り花火
2635	번개 충격
2636	번개 불꽃
2637	번개 폭풍
2638	번개 폭풍
2639	번개 폭풍
2640	심판의 벼락
2641	혼돈의 일격
2642	뇌신의 북소리
2643	낙뢰
2644	충전
2645	신생 축하
2647	광란
2648	화염구
2649	야성의 돌진
2650	심핵의 빛
2651	독가루
2652	암흑 구체
2653	암흑의 지붕
2654	힐난
2655	힐난
2656	대소용돌이
2657	검은 살의
2658	죽음의 광선
2659	흉안
2660	카타르시스
2661	황금 혀
2662	발톱
2663	욕설
2664	허둥지둥
2665	허둥지둥
2666	끈끈이 거미줄
2667	부식성 분무
2668	치명적 일격
2669	치명적 일격
2670	파멸 영역
2671	명주실 장막
2672	치명적 일격
2673	망치부리
2674	석화 숨결
2675	마비 숨결
2676	독 숨결
2677	최면 숨결
2678	"바늘 10,000개"
2679	"바늘 20,000개"
2680	"바늘 30,000개"
2681	미세 블래스터
2682	전기 수염
2683	석화의 시선
2684	석화 블래스터
2685	석화의 냉기
2686	메가 블래스터
2687	벼락 세례
2688	번개 송곳니
2689	대방전
2690	대방전
2692	위협의 손길
2693	파라이가
2694	토네이도
2695	돌려차기
2696	대규모 폭발
2697	중력 가격
2698	물벼락
2699	영혼 분리
2700	영혼 분리
2701	비늘 물결
2702	비늘 물결
2703	반격 기동
2704	반격 기동
2705	찢어발기기
2706	큰손
2707	찢어발기기
2708	큰손
2710	거품 세례
2711	가위손
2712	거품목욕
2713	집게몰이
2715	몸통베기
2716	칼갈이
2717	저주의 말
2718	급소 찌르기
2719	숫돌
2720	음속 폭격
2721	광란
2722	날개바람
2723	음파 폭풍
2724	폭음 파동
2725	할퀴기
2726	화염 숨결
2727	징벌
2728	썩은 물보라
2729	요사스러운 빛
2730	신비한 빛
2731	늪지 폭탄
2732	광란의 소요
2733	독 송곳니
2734	석화 시선
2735	머리 휘두르기
2736	꼬리 휘두르기
2737	게워내기
2738	강철 비늘
2739	유포
2740	빽빽한 나뭇가지
2741	나뭇가지 폭풍
2742	도토리 폭탄
2743	손등치기
2744	흥망성쇠
2746	정신파괴
2747	정신 붕괴
2748	토네이도
2750	산성 안개
2751	산성 안개
2752	산성 안개
2753	산성 안개
2754	마구 때리기
2755	피의 애무
2756	금빛 먼지
2757	잎사귀 폭풍
2758	점액 배출
2759	소음 공해
2760	채찍질
2761	대기 작렬
2762	광풍
2763	괴음파
2764	역병 창궐
2765	부식성 돌풍
2766	10톤즈 후려치기
2767	10톤즈 휘두르기
2768	100톤즈 후려치기
2769	100톤즈 휘두르기
2770	노려보기
2771	아이 오브 비홀더
2772	1000톤즈 휘두르기
2773	포식자의 본능
2776	분리
2777	하얀 숨결
2778	화염 구체
2779	빙결 구체
2780	삼두정치
2781	비열한 채찍
2782	공포의 안개
2783	돌머리
2784	바위 우레
2785	진정한 투지
2786	대지 균열
2787	완전 파괴
2788	낙석
2789	심핵의 빛
2790	자력
2791	모래 숨결
2792	모래폭풍
2793	독 숨결
2794	지진
2795	모래 태풍
2796	모래늪
2797	모래기둥
2798	두들겨 부수기
2799	빨아들이기
2800	곰팡이 재채기
2801	역겨운 재채기
2802	곰팡이 가래침
2803	구부의 비탄
2804	소화 효소
2805	찐득한 혀
2806	피부 강화
2807	죽음의 핥기
2808	핥기
2809	힘겨운 뜀뛰기
2810	독액 분사
2811	화염구
2812	화염의 숨결
2813	꼬리 매타작
2814	치명적 구속
2815	야성의 돌진
2816	압사 발구르기
2817	고막 파열
2818	지진 균열
2819	불러들이기
2820	낭랑한 울음소리
2822	급속 돌진
2823	마수의 눈동자
2824	석화
2825	뿔소 돌진
2826	백안시
2827	마안
2828	마수의 포효
2829	살육
2830	삼단베기
2831	끔찍한 포효
2832	죽음의 광선
2833	타액 발사
2834	용의 숨결
2835	화강암 세례
2836	유독성 토사물
2837	사악한 눈길
2839	웅장한 검격
2840	웅장한 타격
2841	자가진단 시스템
2842	마도 레이저
2843	과열
2844	고갈
2845	플라스마 필드
2846	플라스마 필드
2847	섬뜩한 불꽃
2848	보이드 파이라
2849	보이드 파이가
2850	보이드 선더
2851	보이드 선더라
2852	보이드 선더가
2853	보이드 블리자드
2854	보이드 블리자라
2855	보이드 블리자가
2856	자동반격 시스템
2862	보이드 블리자가
2864	자동포탑 룩
2865	자동포탑 비숍
2866	분열탄
2867	재장전
2868	슬러그탄
2869	산탄 사격
2870	확산 사격
2871	유탄 발사
2872	강렬한 사격
2873	정밀탄
2874	가우스탄
2875	심장 관통
2876	정비
2877	다리 쏘기
2878	소이탄
2879	신속 장전
2880	가우스 총열
2881	속사
2882	정신 파괴
2883	제압 사격
2884	발 쏘기
2885	과충전
2886	머리 쏘기
2887	무기 파괴
2888	공포탄
2889	체제 전환
2890	도탄 사격
2891	집중 사격
2892	에테르 박격포
2893	굳히기
2894	언약의 반지
2895	썩은 붕대
2897	모래 폭발
2898	사막 폭풍
2899	흙은 흙으로
2900	쇠꼬챙이
2901	파직파직 번개
2902	찢어가르기
2903	가시 매타작
2904	불안정한 블래스터
2905	불안정한 블래스터
2906	감전
2907	야성의 돌진
2908	전하 충격
2909	전하 충전
2910	전하 폭발
2911	뜨거운 번개
2912	뜨거운 번개
2913	휘몰아치는 혼돈
2914	휘몰아치는 혼돈
2915	전하 폭발
2916	파직파직 번개
2917	가시 매타작
2918	불안정한 블래스터
2919	불안정한 블래스터
2920	정전기 방출
2921	전하 폭발
2922	(?)ティアマット：メカハイドラ：オ?トアタック：バハム?トダンジョン3
2923	공명
2924	신경 가스
2925	신경 가스
2926	신경 가스
2927	압력 필드
2928	압력 필드
2929	가운뎃머리
2930	옆 머리
2931	옆 머리
2932	(?)ティアマット：メカハイドラ：3連メテオ?射/A：バハム?トダンジョン3
2933	(?)ティアマット：メカハイドラ：3連メテオ?射/B：バハム?トダンジョン3
2934	강의 원천
2935	바다의 원천
2936	비상 모드
2937	신경 구름
2938	신경 구름
2939	마과학 입자 살포
2940	입자 붕괴
2941	자동 대포
2942	자폭
2943	진공파
2944	(?)ダラガブ球：AA：バハム?トダンジョン3/ボス2用
2945	해체 흡수
2946	물체 199
2947	격퇴포
2948	중력장
2949	갈래 번개
2950	갈래 번개
2951	계시
2952	연옥의 불꽃
2953	유폭
2954	연소
2955	연옥의 폭염
2956	칠흑의 불꽃
2957	칠흑의 대화염
2958	칠흑의 열파
2959	백열의 불꽃
2960	백열의 불꽃
2961	청벽의 불꽃
2962	청벽의 불꽃
2963	홍련의 불꽃
2964	홍련의 화염
2965	홍련의 대화염
2966	(?)フェニックス：原種：飛び上がる：バハム?トダンジョン3
2967	(?)フェニックス：原種：着地：バハム?トダンジョン3
2968	윤회의 불꽃
2969	윤회의 불꽃
2970	윤회의 불꽃
2971	윤회의 불꽃
2972	영검의 불꽃
2973	영검의 숨결
2974	영검의 파동
2975	소환
2976	타오르는 날개
2977	타오르는 날개
2978	작열 불기둥
2979	작열 불기둥
2980	원기 회복
2981	(?)ワイバ?ン：ズ?：火の鳥：ポップ時アクション：バハム?トダンジョン3
2982	날카로운 섬격
2983	날카로운 섬격
2984	날카로운 섬격
2985	질색
2986	질색
2987	질색
2988	(?)バハム?ト：??：オ?トアタック：バハム?トダンジョン3
2989	타오르는 숨결
2990	짓뭉개기
2991	메가플레어
2992	메가플레어
2993	메가플레어
2994	메가플레어
2995	메가플레어
2996	메가플레어 스트라이크
2997	요동치는 대지
2998	요동치는 대지
2999	요동치는 대지
3000	요동치는 대지
3001	기가플레어
3002	기가플레어
3003	타오르는 별
3004	타오르는 별
3005	용신의 포효
3006	(?)バハム?ト：??：上空へ飛び立つ：バハム?トダンジョン3
3007	(?)バハム?ト：??：上空から地上に着地する：バハム?トダンジョン3
3008	메가플레어 다이브
3009	테라플레어
3010	아크 몬
3011	아크 몬
3012	폭풍우 날개
3013	치명상
3014	작열지옥
3015	용기
3016	이중 강하
3017	곤두박질
3018	사형 선고
3019	화염구
3020	발톱 난도질
3021	꼬리 매타작
3022	포식
3023	핏빛 발톱
3024	뒤집기
3025	대재앙
3026	사악한 눈길
3027	석화 안개
3028	불길한 포효
3029	사격
3030	원심 타격
3031	(?)ダラガブ球：AA：バハム?トダンジョン3：2層Trash
3032	함몰
3033	바다의 은혜
3034	폭사
3035	강철 발톱
3036	매질
3037	얼어붙은 활
3038	공격
3039	빙설난무
3040	눈사태
3041	얼음의 낙인
3042	우박 폭풍
3043	영구동토
3044	공격
3045	공격
3046	절대영도
3047	공격
3048	천상의 일격
3049	빙하 강타
3050	얼음의 환상
3051	고드름 낙하
3052	폭설
3053	아제마의 심판
3054	꼬챙이
3055	표식
3056	끌어당기기
3057	기절 발톱
3058	분사
3059	물덩어리
3060	꼬리 후려치기
3061	야생 본능
3062	농락
3063	성큼걸음
3064	해적의 징벌
3065	겨냥
3066	연사
3067	해적의 처형
3068	돌격
3069	먹물 쏘기
3070	먹물 뿌리기
3071	매질
3072	잡아채기
3073	포획
3074	내던지기
3075	물대포
3076	매질
3077	휩쓸기
3078	자폭
3079	눈바람
3080	눈바람
3081	오라 발사
3082	툰드라
3083	냉기 충격
3084	얼음 단두대
3085	빙쇄
3086	강철 발톱
3087	서리 안개
3088	쥐어박기
3089	거친 눈보라
3090	거대 눈덩이
3091	연속 타격
3092	팔꿈치 찍기
3093	블리자드
3095	고드름 낙하
3096	고드름 격돌
3097	산산조각
3098	강력 공격
3099	천년의 눈보라
3100	천상의 포효
3101	천년의 눈보라
3102	달 삼키기
3103	달을 향한 포효
3104	"바늘 5,000개"
3105	"바늘 100,000개"
3106	"바늘 3,000개"
3107	사보텐 박치기
3108	진노의 일격
3109	격노의 연격
3110	원한의 참격
3111	냉기 충격
3112	선인장 방패
3113	도깨비불
3114	혼돈의 눈
3115	질타
3116	저주의 속삭임
3117	거친 콧김
3118	콧김
3119	콧김 대회전
3120	콧김 대회전
3121	콧김 대회전
3122	흠하!
3123	흠하!
3124	人型：拘束：事件屋ヒルディ
3125	흥흥!
3126	흥흥!!
3127	화염구
3128	자근자근
3129	최고의 친구
3130	4톤즈
3131	4톤즈
3132	물요정의 노래
3133	물의 숨결
3134	1만 볼트
3135	문어발
3136	매질
3137	휩쓸기
3138	최고의 친구
3139	물요정 주먹
3141	산게탈
3142	산게탈
3143	슬픔의 방
3144	에인헤랴르
3145	발크누트
3146	암흑강철 고삐
3147	석화의 방
3148	석화의 방
3149	둔화의 방
3150	둔화의 방
3151	투창 궁니르
3152	가근라드
3153	투창 궁니르
3154	참철검
3155	진 참철검
3156	쇄빙
3157	백도난무
3158	단검 던지기
3159	콧김
3160	고드름 낙하
3161	원한의 사슬
3162	공격
3163	일대일 결투
3164	(?)人型：?デュラハン：オ?トアタック：古城アムダハ?ド
3165	가이뢰트
3166	슬픔의 방
3167	발포드르
3168	위그
3169	어둠의 일격
3170	어둠의 충격
3171	투명화
3172	난타
3173	공허한 눈동자
3174	도플갱어
3175	환상의 빛
3176	환상의 빛
3177	시체 경련
3178	교묘한 술책
3179	자포자기
3180	(?)バハム?ト?ネ?ル：ピエロ：オ?トアタック：古城アムダハ?ド
3181	어둠의 곡예
3182	암전
3183	비장의 패
3184	검은 바람
3185	교묘한 술책
3186	광대의 낫질
3187	죽음의 낫
3188	심연의 돌격
3189	벌레 떼
3190	점액 배출
3191	나뭇가지 폭풍
3192	도토리 폭탄
3193	매질
3194	독성 꽃꿀
3195	압살
3196	마름쇠
3197	일사바드 리제네
3198	무기 용해
3199	무기 용해
3200	산산조각
3201	폭발
3202	동방의 물약
3203	뇌둔술
3204	뇌둔술
3205	화둔술
3206	분신술
3207	속박술
3208	소생
3209	폭풍우 날개
3210	透明：シヴァ：凍結レクト：ノックバック用/ヒロイック
3211	파괴의 뿔
3212	화염 투창
3213	폭염 투창
3214	작열하는 기억
3215	두들겨 패기
3216	폭염 투창
3217	불 뱉기
3218	대규모 폭발
3219	두꺼비
3220	주술도구 설치
3221	주술도구 제거
3222	분노의 저주
3223	업화의 저주
3224	두꺼비의 저주
3225	권태의 저주
3226	급속 참격
3227	칼날 바퀴
3228	부패 가스
3229	폭군의 나팔
3230	영혼 분리
3231	큰 주술도구 설치
3232	열광의 저주
3233	대규모 폭발
3234	은신술
3235	울부짖는 달
3236	빗발치는 화살
3238	열광의 저주
3239	거대 눈덩이
3241	침 흘리기
3242	포식
3243	삼키기
3244	토해내기
3245	포식자의 발톱
3246	꼬리 강타
3247	지옥의 돌진
3248	미니멈 거품
3249	미니멈
3250	유황 숨결
3251	유황 숨결
3252	번개 발생
3253	번개 발생
3254	신음
3255	삼단베기
3256	치명적 일격
3257	대폭발
3258	팔꿈치 찍기
3259	연속 타격
3260	10톤즈 후려치기
3261	10톤즈 휘두르기
3266	낯선 조류
3267	세상의 끝에서
3268	흡혈
3272	두 개의 시선
3273	비탄의 시선
3274	분노의 시선
3275	레벨 100 플레어
3276	레벨 100 플레어
3277	레벨 150 데스
3278	레벨 150 데스
3279	데스
3280	괴이한 광선
3281	죽음의 시선
3282	포효 오중주
3283	페르마타
3284	빛 숨결
3285	불 숨결
3286	얼음 숨결
3287	번개 숨결
3288	독 숨결
3289	빛구슬 폭발
3290	화염구
3291	독액 분사
3293	공격
3294	열기 파동
3295	하얀 숨결
3296	공격
3297	0식 파동포
3298	위장형 파동포
3299	위장형 파동포
3300	파동 폭발
3301	파동 폭발
3302	파동 방사
3303	역한 입냄새
3304	어둠의 번개
3305	범람하는 어둠
3306	공격
3307	저압 전류
3308	물체 130
3309	자동 대포
3310	자폭
3311	고출력 광선
3312	격퇴포
3313	그물
3314	그물
3315	에어로라
3316	에어로라
3317	진공 칼날
3318	돌풍
3319	난기류
3320	미사일
3321	괴음파
3322	하얀 바람
3323	닭의 노래
3324	으름장
3325	마사무네
3326	전류
3327	방전
3328	운증용변
3329	용의 불꽃
3330	용의 기운
3331	용의 비행
3332	화룡점정
3333	칼춤
3334	칼춤
3335	사슬 묶기
3336	자기류 설월화
3337	설풍
3338	월광
3339	화차
3340	골수 흡입
3341	골수 흡입
3342	골수 흡입
3343	빙결의 포효
3344	뇌전의 포효
3345	비열한 채찍
3346	양두정치
3347	화염 구체
3348	빙결 구체
3349	선풍참
3350	끝장타
3351	프라다만테
3352	기가 점프
3353	작은 멜로디
3354	공격
3355	공격
3356	총력 공격
3358	아이즈 온 미
3359	이지스의 은혜
3360	원초적 파괴
3361	코메테오
3362	천상의 단비
3363	テュポ?ン：自分中心円：ゴ?ルドソ?サ?
3364	テュポ?ン：ステ?ジ外周：ゴ?ルドソ?サ?
3365	テュポ?ン：扇：ゴ?ルドソ?サ?
3366	テュポ?ン：直線：ゴ?ルドソ?サ?
3367	テュポ?ン：GT：ゴ?ルドソ?サ?
3368	透明：テュポ?ン：GT：ゴ?ルドソ?サ?
3369	대지 황폐화
3370	몸통 박기
3371	가로베기
3372	지진 충격
3373	타오르는 비명
3374	짓밟기
3375	대폭발
3377	포격
3378	뇌격탄
3379	점착탄
3380	대 드래곤 쇠뇌
3381	선풍참
3382	끝장타
3383	프라다만테
3384	화염방사
3385	육중한 휘두르기
3386	XLI식 연장포
3387	흡인
3388	XLIII식 소형 박격포
3389	화염방사
3390	화염방사
3391	융단폭격
3392	융단폭격
3393	급습
3394	마도 소이탄
3395	멸시
3396	멸시
3397	훈계
3398	훈계
3399	훈계
3400	외부 소요
3401	힐난
3402	경시
3403	혐오
3404	혐오
3405	혐오
3406	혐오
3407	내부 소요
3408	유폭
3409	대유폭
3411	소이탄 연소
3412	에인션트 퀘이가
3413	에인션트 퀘이크
3414	블랙홀
3415	화이트홀
3416	충격파
3418	달부메랑
3419	에테르 분배
3420	다쟈
3421	어둠의 에테르 폭발: 이스틴
3422	어둠의 에테르 폭발: 시나
3423	어둠의 에테르 폭발: 살라스
3424	다라
3425	시간 연장
3426	독안개
3427	흡인
3428	대흡인
3429	혜성
3430	메테오
3431	다크 파이어
3432	스파크
3433	스파크
3434	메기도 플레임
3435	메기도 플레임
3436	アシエン?ナブリアレス：ダテレポ：ナブリアレス?
3437	퀘이가
3439	요마 소환
3440	부패 가스
3441	번개 숨결
3442	하얀 바람
3443	이중 공격
3444	삼중 공격
3445	화강암 세례
3446	서리 숨결
3447	얼음판
3448	분노의 서릿발
3449	플라스마 방출
3450	번개 그물
3451	붕괴
3452	독가시 꼬리
3453	할퀴기
3454	화염 숨결
3455	징벌
3456	세게 짓밟기
3457	초경화
3458	거북 발구르기
3459	화염 태풍
3460	타액 발사
3461	용의 숨결
3462	유독성 토사물
3463	몸통 박치기
3464	전기 파동
3465	불쾌한 비명
3466	벼락 세례
3467	대방전
3468	발톱 난도질
3469	화염구
3470	화염의 숨결
3471	꼬리 매타작
3472	야성의 돌진
3473	대흥분
3474	뼈대 흔들기
3475	파괴의 뿔
3476	끝장타
3477	기가 점프
3478	웅장한 검격
3479	마도 레이저
3480	고갈
3481	웅장한 타격
3482	융단폭격
3483	설풍
3484	월광
3485	화차
3486	마도 필드
3487	포탑 회수
3497	파이어
3498	얼음판
3499	죽음의 시선
3500	융단폭격
3501	액체 뿌리기
3502	대흡인
3503	작열지옥
3504	알 사냥
3505	폭발
3506	저압 전류
3507	재기
3508	공격
3509	공격
3510	시큼한 바람
3511	설풍
3512	월광
3513	화차
3514	무게추 깔기
3515	힘겨운 뜀뛰기
3516	돌머리
3517	겨울의 명언
3518	폭로
3519	날림 읽기
3520	액화
3521	액화
3522	블리자드
3523	다크 블리자가
3524	요마 소환
3525	금서 봉인
3526	보이드의 불똥
3527	쥐어박기
3528	보이드의 짙은 어둠
3529	마법 작렬
3530	심연의 돌격
3531	심연의 돌격
3532	심연의 공격
3533	심연의 관통
3534	보이드 선더가
3535	보이드 블리자가
3536	병폐
3537	보이드 블리자드
3538	꿰뚫는 검격
3539	제왕의 권위
3540	신성한 보호막
3541	관용
3542	방벽
3543	투혼선풍각
3544	기공술
3545	창기포
3546	투기
3547	음양투기참
3548	파괴 태세
3549	참수
3550	섬멸
3551	원초적 직감
3552	평정심
3553	푸른 용혈
3554	용의 발톱
3555	게이르스코굴
3556	용의 꼬리
3557	전투 기도
3558	천상의 화살
3559	여행신의 무곡
3560	굳은 결의
3561	시간신의 찬미가
3562	독사 강습
3563	갑각파황격
3564	그림자 이동
3565	연막탄
3566	몽환삼단
3567	일쌍
3568	스톤가
3569	성소
3570	신의 이름
3571	심판
3572	에어로가
3573	흑마법 문양
3574	마력 각성
3575	천사의 언어
3576	블리자쟈
3577	파이쟈
3578	고통의 불길
3579	루인가
3580	트라이디재스터
3581	바하무트 빙의
3582	데스플레어
3583	불요불굴책
3584	기염법
3585	전개전술
3586	응급전술
3587	에테르 전환
3588	충전 포격
3589	충전 박격포
3590	점지
3591	왕도
3592	보류
3593	위상 변화
3594	베네피크
3595	별읽기: 베네피크
3596	말레피크
3597	스텔라
3598	말레피라
3599	컴버스
3600	헬리오스
3601	별읽기: 헬리오스
3602	행복한 상실
3603	생환
3604	낮별읽기
3605	밤별읽기
3606	광속 시전
3607	빛의 에테르
3608	컴버라
3609	행동 방해
3610	베네피라
3611	시간 지연
3612	궁합
3613	운명의 수레바퀴
3614	본질적 위계
3615	그라비데
3616	천궁의 반목
3617	강렬한 참격
3618	그림자 비호
3619	회전 참격
3620	재앙
3621	촉발
3622	비열한 기습
3623	흡수의 일격
3624	살의
3625	피의 칼날
3626	앙갚음
3627	대참격
3628	암흑
3629	불굴의 투지
3630	어둠의 춤
3631	피의 대가
3632	흡혼검
3633	어둠의 여행자
3634	어두운 감정
3635	어둠의 기교
3636	그림자 장벽
3637	열광검
3638	산송장
3639	감염 지대
3640	돌진
3641	심연의 갈증
3642	최후의 생존자
3643	난도질
3644	냉병기 공격
3645	증기압 상승
3646	냉병기 공격
3647	공격
3648	과열 분사
3649	기관총 발사
3650	광자포
3651	증기 미사일
3652	증기 미사일
3653	긴급 출격
3654	점착탄
3655	점착탄
3656	구원 요청
3657	자폭
3658	초플라스마
3659	초대형 미사일
3660	초대형 미사일
3661	대폭발
3662	소폭발
3663	긴급 상승
3664	열증기
3665	경착륙
3666	점착탄
3667	미세포
3668	입자 충돌
3669	신속 시전
3670	코 회초리
3671	락 오브 에이지
3672	부드러운 영감
3673	엄니 박치기
3674	맹진
3675	일어서기
3676	역사의 포효
3677	해골 질주자
3678	봉분
3679	무기력한 흐느낌
3680	죽음의 소용돌이
3681	과부 양산자
3682	반전
3683	죽은 생명체
3684	일그러진 미소
3685	강철 폭풍
3686	블리자드
3687	검은 폭발
3688	검은 폭발
3689	죽음의 바람
3690	부활의 뼈
3691	뇌수 흡입
3692	황금 발톱
3693	자유낙하
3694	고산 기류
3695	감금의 소용돌이
3696	겨울 바람
3697	회오리바람
3698	수감
3699	바람개비
3700	파편 낙하
3701	파쇄
3702	초강타
3703	느린 공
3704	싸늘한 폭풍
3705	흡혈 물어뜯기
3706	폭발
3707	마나 축전
3708	근력 활성
3709	냉병기 공격
3710	증기압 상승
3711	공격
3712	무도의 화신
3713	광염의 화신
3714	갑각의 화신
3715	무신섬
3716	전후방 방어
3717	측면 방어
3718	반의
3719	맹염: 발단
3720	맹염: 발단
3721	맹염: 발단
3722	맹염: 발단
3723	맹염: 전개
3724	맹염: 전개
3725	맹염: 전개
3726	맹염: 전개
3727	귀무신
3728	귀무신
3729	불멸혼
3730	월검초래
3731	신통력
3734	달빛
3735	찬드라하스
3736	투기탄
3737	투기탄쇄
3738	충천격
3739	관통산탄
3740	투기포
3741	맹염: 절정
3742	맹염: 절정
3743	무신섬
3744	좌익 방어
3745	우익 방어
3746	양익 방어
3747	반의
3748	귀무신
3749	귀무신
3750	불멸혼
3751	광염: 절정
3752	광염: 절정
3753	광염: 절정
3754	광염: 절정
3755	광염: 절정
3756	광염: 파멸
3757	광염: 파멸
3758	광염: 파멸
3759	광염: 파멸
3761	무신갑
3762	무신염
3763	신통력
3764	달빛
3765	찬드라하스
3766	투기탄
3767	투기탄쇄
3768	충천격
3769	월기탄
3770	관통산탄
3771	투기포
3772	광염: 발단
3773	광염: 발단
3774	광염: 발단
3775	광염: 발단
3776	광염: 전개
3777	광염: 전개
3778	광염: 전개
3779	보이드의 불똥
3780	보이드의 불똥
3781	혼돈 폭풍
3782	사역마 소환
3783	이중고
3784	죽음의 덫
3785	먹물 뿌리기
3786	돌격
3787	레벨 5 데스
3788	죽음의 광선
3789	공포의 눈
3790	윤회 의식
3791	다크 파이가
3792	윤회 의식
3793	피의 애무
3794	산성비
3795	광합성
3796	빠른 포복
3797	태양 광선
3798	잎사귀 폭풍
3799	산성비
3801	산성 분무
3802	산성 구름
3803	피개 교합
3804	레이저 측정기
3805	올가미
3806	광분 질주
3807	광분 질주
3808	광분 질주
3809	광분 질주
3810	태고의 포효
3811	심연의 파괴자
3812	어둠의 별
3813	혼돈 폭풍
3814	혜성
3815	천지 붕괴
3816	혜성
3817	천지 붕괴
3818	천지 붕괴
3819	혼돈 폭풍
3820	（?）スライム：毒液：アバラシア山/中ボス2
3821	（?）スライム：病?液：アバラシア山/中ボス2
3822	（?）スライム：?燐液：アバラシア山/中ボス2
3823	（?）スライム：火炎液：アバラシア山/中ボス2
3824	보이드 블리자가
3825	파멸의 종착역
3826	공격
3827	유체 타격
3828	물장구
3829	변화의 물결
3830	변화의 물결
3831	변화의 물결
3832	변화의 물결
3833	봇물
3834	봇물
3835	봇물
3836	유체 타격
3837	밸브 개방
3838	폭포수
3839	폭포수
3840	지목
3841	자석
3842	액체 감옥
3843	공격
3844	공격
3845	유체 강타
3846	유체 강타
3847	싹쓸이
3848	지목
3849	수량 균등화
3850	고통의 손길
3851	기도의 손길
3852	작별의 손길
3853	액체 발톱
3854	놓기
3855	오수
3856	하수로
3857	극심한 오수
3858	자석
3859	자력
3860	강자력
3861	반발
3863	오수
3864	하수로
3865	변화의 물결
3866	액체 감옥
3867	수압 충전
3868	분출
3869	윤활유 폭발
3870	윤활유 폭발
3871	누전
3872	누전
3873	미끌미끌
3881	액상 변이
3882	은폐
3883	털깃
3884	깃털 폭풍
3885	깃털 폭풍
3886	횡이동
3887	번개 방전
3888	번개 축전
3889	번개 방사
3890	감전
3891	감전
3892	피뢰침
3893	낙뢰
3894	역류
3895	가시 꼬리
3896	유혹의 사과
3897	몸통 박기
3898	원죄
3899	타락
3900	독기
3901	자폭
3902	태풍 가르기
3903	진홍빛 숨결
3904	진홍빛 구슬
3905	진홍빛 구슬
3906	진홍빛 열선
3907	용의 포효
3908	칠흑빛 구슬
3909	칠흑빛 불꽃
3910	살육의 지옥불
3911	살육의 지옥불
3912	비상
3913	강하
3914	개인용 보호막
3915	작열지옥
3916	화염구
3917	통구이
3918	화염구
3919	착륙
3920	분노의 서릿발
3921	서리 숨결
3922	대유폭
3923	냉풍
3924	파멸의 종착역
3925	흡혈 칼날
3926	행간에 숨은 마귀
3927	독성 꽃가루
3928	화염구
3929	얼음구
3930	용의 피
3931	증기 미사일
3932	필멸의 격변
3933	영원한 빛줄기
3934	대학살의 근원
3935	영원한 빛줄기
3936	증기 미사일
3937	원반
3938	긴급 격리
3939	대학살
3940	임시처분
3941	임시처분
3942	증기 심판
3943	마과학 레이저
3944	폭산
3945	대전차 화기
3946	연화 증기
3947	냉동 광선
3948	휘몰아치는 바람
3949	오염 증기
3950	복잡성 환원
3951	광선 흡수
3952	방산 레이저
3953	단죄
3954	징벌
3955	단죄
3956	징벌
3957	오염 증기
3958	사형 판결
3959	작렬
3960	공격
3961	겨울의 명언
3962	마구 베기
3963	다중 베기
3964	다중 베기
3965	다중 베기
3966	검풍
3967	한계 가동
3968	검압
3969	11톤즈 후려치기
3970	111톤즈 휘두르기
3971	10톤즈 베기
3972	포효
3973	포효
3974	확대
3975	1111톤즈 휘두르기
3976	사육제
3977	축성의 빛
3978	부정함
3979	마과학 폭탄
3980	폭발
3981	교육자
3982	고문
3983	마과학 지뢰
3984	지뢰 폭발
3985	강의 원천
3986	조교 장치 기동
3988	자동 대포
3991	형벌의 사슬
3992	번개 찌르기
3993	번개 발생
3994	용의 피
3995	발톱 난도질
3996	화염구
3997	화염의 숨결
3998	꼬리 매타작
3999	야성의 돌진
4000	제국의 손
4001	순수
4002	표식
4003	꼬리 후려치기
4004	야생 본능
4005	말살 명령
4007	마도 소이탄
4008	불사르기
4009	혼돈 폭풍
4010	흰고래의 분노
4011	고래수염 폭탄
4012	비바람
4013	필멸의 격변
4014	태고의 눈물
4015	날카로운 돌풍
4016	낙뢰
4017	마법 거품
4018	몸서리
4019	흰고래의 포효
4020	거품 공격
4021	기후 조작
4022	폭발
4023	영혼의 광선
4024	물대포
4025	죽음의 꽃
4026	티끌점괘 곶
4027	무너지는 하늘
4028	울부짖는 날개
4029	강풍
4030	굉풍
4031	마른 물갈퀴
4032	죽음의 바람
4033	젖은 물갈퀴
4034	죽음의 물
4035	고래수염 폭탄
4036	진공파
4037	구름신 기류
4038	강제 배제
4042	구속탄
4043	육체 타격
4044	정신 타격
4045	강철의 의지
4046	저격
4047	고블린 돌진
4048	고블린 폭발
4049	기관포
4050	중압탄
4051	강산탄
4052	냉동 광선
4053	증기압 상승
4054	벼락
4055	기관포
4056	우레 포격
4057	돌격 명령
4058	융단폭격
4059	결정타
4060	폭발
4061	대폭발
4062	중압탄
4063	전압탄
4064	강산탄
4065	전자석
4066	자폭
4067	충전
4068	FF11 대왕게: 탈것 고블린 게전차: 자폭
4069	비바람
4070	번개 머리
4071	낙뢰
4072	맑은 시야
4073	막대한 수익
4074	소장품 채집
4075	신중한 선별
4076	대담한 선별
4077	직감적 선별
4078	심미안
4079	고도의 주의력
4080	심호흡
4081	산길잡이의 눈
4082	뒤훑기
4083	뒤훑기 2
4084	전력 집중
4085	극한 채집
4086	식물 전문가
4087	막대한 수확
4088	소장품 채집
4089	신중한 선별
4090	대담한 선별
4091	직감적 선별
4092	심미안
4093	고도의 주의력
4094	심호흡
4095	개척자의 눈
4096	가지치기
4097	가지치기 2
4098	전력 집중
4099	극한 채집
4100	갈고리 낚시
4101	소장품 채집
4102	인내
4103	강력한 낚아채기
4104	밑밥
4105	물고기의 눈
4106	인내 2
4108	우상 소환
4109	우상 소환
4110	우상 재생
4111	새인간 공격
4112	구름의 향방
4113	질풍
4114	깊은 우울
4115	진공파
4116	터빈
4117	지느러미줄
4118	물 쏘기
4119	범람
4122	재림
4125	천상의 참격
4126	지고한 신성
4127	성스러운 방패 강타
4128	불변의 승천
4129	불변의 승천
4130	찬란한 칼날
4131	집행
4132	눈부신 불길
4133	천상의 징벌
4134	고차원
4135	굳건한 신앙
4136	차원 파괴
4137	차원 파괴
4138	차원 파괴
4139	차원 파괴
4140	차원 찢기
4141	항성 폭발
4142	차원파
4143	파이어
4144	제단의 초
4145	천상의 불꽃
4146	천상의 불꽃
4147	거룩한 사슬
4148	거룩한 사슬
4149	제단의 장작
4151	정결한 마음
4152	백기사 행진
4153	흑기사 행진
4154	백색 돌격
4155	흑색 돌격
4156	성화 연소
4157	파이라
4158	진공 칼날
4159	뾰족한 손톱
4161	(?)帝?バリア?置：シ?ルド展開
4162	암흑 성운
4163	야수 돌격
4164	뼈대 흔들기
4165	꼬리 매타작
4167	화염
4168	진공검
4169	공격
4170	죽음의 휘젓기
4171	갈대
4172	번개야수의 포효
4173	번개야수의 울부짖음
4174	레기나 블래스터
4175	레기나 블래스터
4176	레기나 블래스터
4177	레기나 블래스터
4178	초전자 코일
4179	섬세한 낚아채기
4181	돌멩이
4182	영혼 분리
4183	톤베리 병균
4190	공격
4191	아스칼론의 권능
4192	아스칼론의 자비
4193	아스칼론의 자비
4194	백뢰
4195	백뢰
4196	메테오 레인
4197	메테오 레인
4198	에인션트 퀘이가
4199	나이츠 오브 라운드
4200	용의 눈
4201	용의 마안
4202	궁극의 종말
4203	아스칼론의 광휘
4204	휘두르기
4205	거룩한 십자가
4206	천상의 참격
4207	지고한 신성
4208	신성한 검무
4209	신성한 검무
4210	찬란한 칼날
4211	눈부신 불길
4212	차원 파괴
4213	차원 파괴
4214	신념
4215	신념
4216	영원한 신념
4217	무거운 충격
4218	무거운 충격
4219	무거운 충격
4220	무거운 충격
4221	무거운 충격
4222	나선 찌르기
4223	나선 관통
4224	공중 도약
4226	공중 도약
4227	천상의 불꽃
4228	천상의 불꽃
4229	천상의 불꽃
4230	천상의 불꽃
4231	천상의 불꽃
4232	거룩한 사슬
4233	동장군 폭풍
4234	동장군 폭풍
4235	홀리 메테오
4236	혜성 낙하
4237	운석 낙하
4238	분노의 사격
4239	무법자
4240	원초의 대지
4241	어둠의 힘
4242	창룡 강타
4243	피의 축제
4244	궁수자리 화살
4245	위성 저격
4246	테라플레어
4247	천사의 깃털
4248	천궁의 문
4249	궁극 사격
4250	ドロ?
4251	해병의 정신력
4252	서리 숨결
4257	철수
4259	고드름 격돌
4260	인두질
4261	얼음판
4262	연무
4263	피의 창
4264	돌변
4265	전투 준비 완료
4266	공포의 눈길
4270	우레
4271	포격
4272	작열지옥
4273	プレイ
4274	피개 교합
4275	염증 파열
4314	건바스타드
4315	마도 슬러그탄
4316	마도 난사
4317	심판의 날
4318	심판의 날
4319	빠른 발놀림
4320	마도 포탑
4321	마도 레이저
4322	마도 유탄
4323	자폭
4324	수수께끼
4325	모순
4326	카
4327	지하신의 침묵
4328	윤회 의식
4329	머리 휘두르기
4330	강철 비늘
4331	석화
4332	화염의 원
4333	관성 기류
4334	탄도 미사일
4335	탄도 미사일
4336	기화 폭탄
4337	다크 블리자드
4338	다크 블리자라
4339	다크 블리자라
4340	영원의 동토
4341	블리자드 스피어
4342	다크 파이어
4343	다크 파이라
4344	다크 파이라
4345	불의 구체
4346	섀도우 플레어
4347	역청의 바다
4348	암흑 구체
4349	메기도 플레임
4350	블리자드 버스트
4351	파이어 버스트
4352	공격
4353	혼돈의 탑
4354	고대의 고리
4355	고대 용암 분출
4356	고대 용암 분출
4357	법칙 변조
4358	혼돈의 출혈
4359	불확실한 불꽃
4360	불확실한 불꽃
4361	섀도우 플레어
4362	멸절
4363	흡입
4364	구속
4365	음영권
4366	다라
4367	징벌
4368	할퀴기
4369	할퀴기
4370	냉병기 공격
4371	증기압 상승
4372	냉병기 공격
4373	공격
4374	과열 본사
4375	기관총 발사
4376	광자포
4377	증기 미사일
4378	증기 미사일
4379	긴급 출격
4380	점착탄
4381	점착탄
4382	구원 요청
4383	자폭
4384	초대형 미사일
4385	대폭발
4386	소폭발
4387	긴급 상승
4388	열증기
4389	경착륙
4390	미세포
4391	입자 충돌
4392	냉병기 공격
4393	증기압 상승
4394	공격
4395	꼬챙이
4396	분사
4397	물덩어리
4398	꼬리 후려치기
4399	고통의 채찍
4400	가스 연막
4401	아제마의 균형
4402	세계수의 줄기
4403	오쉬온의 화살
4404	할로네의 창
4405	살리아크의 물병
4406	비레고의 탑
4407	아제마의 균형
4408	세계수의 줄기
4409	오쉬온의 화살
4410	할로네의 창
4411	살리아크의 물병
4412	비레고의 탑
4413	아제마의 균형
4414	세계수의 줄기
4415	오쉬온의 화살
4416	할로네의 창
4417	살리아크의 물병
4418	비레고의 탑
4419	아제마의 균형
4420	세계수의 줄기
4421	오쉬온의 화살
4422	할로네의 창
4423	살리아크의 물병
4424	비레고의 탑
4425	회전 모그방패
4426	폼폼 케알
4427	모그리 사격
4428	폼폼 플레어
4429	100모그즈 후려치기
4430	회전모그마
4431	모그리 행진곡
4432	독 바늘
4445	치명적 쪼기
4446	찢어발기는 바람
4447	재앙의 바람
4448	비틀어진 통곡
4449	마비침
4450	관통
4451	격분
4452	끈적한 실
4453	독 숨결
4454	소각
4455	맹속 타격
4456	섬 떨어뜨리기
4457	목 쪼개기
4458	채찍 난타
4459	호루라기
4460	밝은 불길
4461	개구리 다리
4462	산성 안개
4463	익사의 안개
4464	괴음파
4465	구멍 뚫기
4466	꿈틀대기
4467	회전 공격
4468	지하신의 침묵
4469	반대 교합
4470	태고의 울음소리
4471	제3의 다리 전진
4472	넘어뜨리기
4473	제3의 다리 후퇴
4474	접촉
4475	백기사 행진
4476	흑기사 행진
4477	새인간 주먹
4478	노호
4479	날개 베기
4480	먼지 선풍
4481	꼬챙이
4482	단발 찌르기
4483	화포
4484	유탄
4485	얼음 공급기
4486	완전 동결
4487	평범한 두들기기
4488	경기 시작
4489	준비 운동
4490	고약한 물
4491	타오르는 숨결
4492	석화의 눈동자
4493	벌거벗은 영혼
4494	유독성 숨결
4495	냉기 충격
4496	얼음 단두대
4497	바늘 산탄
4498	폭탄 뿌리기
4499	쥐어박기
4500	거친 눈보라
4501	고막 파열
4502	우발적 가격
4503	풍매 분산
4504	탄도 드릴
4505	고산 기류
4506	악마의 열병
4507	울음소리
4508	고블린 피부
4509	날아다니는 도미
4510	소낙눈
4511	물대포
4512	소금물 숨결
4513	빛의 구체
4514	불 뱉기
4515	시큼한 트림
4516	역겨운 악취
4517	버팀목
4518	거칠게 찌르기
4519	측면 미끄러지기
4520	완자
4521	최후의 신음
4522	실락원
4523	지저귐
4524	무법지대
4525	척추 두드리기
4526	끝나지 않은 찌르기
4527	쇄빙
4528	노려보기
4529	쌍지팡이
4530	잎사귀 단검
4531	떨기
4532	내장 숨결
4533	용암 숨결
4534	진눈깨비 세례
4535	정타치기
4536	살해의 발
4537	전조등
4538	집게발 잡기
4539	격노한 턱
4540	오한
4541	제국식 강화제
4542	제국식 활력제
4543	부분 파괴
4544	송곳니 끝
4545	제세동기
4546	전기 발생
4547	지원 사격
4548	단파 분자 증폭기
4549	수동형 적외선 유도 시스템
4550	마과학 레이저
4551	하늘의 악의
4552	하늘의 멸시
4553	삼중 나선
4554	맞바람
4555	격분
4556	원심 타격
4557	분쇄의 철퇴
4558	질풍
4559	창천벽력
4560	소장품 제작
4561	소장품 제작
4562	소장품 제작
4563	소장품 제작
4564	소장품 제작
4565	소장품 제작
4566	소장품 제작
4567	소장품 제작
4568	바람의 예술
4569	불의 예술
4570	얼음의 예술
4571	땅의 예술
4572	번개의 예술
4573	물의 예술
4648	인두질
4649	화염 숨결
4650	냉기 숨결
4651	번개 숨결
4653	속쓰림
4654	뿔소 돌진
4655	화염구
4656	발톱 난도질
4657	독가루
4658	포탄
4659	피 빨기
4660	힐퀴기
4661	화염 숨결
4662	지공법
4663	銅像：自?アクション：?の?：中ボス1
4664	둥글게 휘두르기
4665	둥글게 휘두르기
4666	석화 안개
4667	싸늘한 폭풍
4668	뼈대 꺾기
4669	소방용수
4670	피의 애무
4671	점액 배출
4672	얼음구
4673	번개 숨결
4674	화강암 세례
4681	미아즈마 브레스
4682	사악한 눈길
4683	합금 드릴
4684	한계 돌파
4685	낭랑한 울음소리
4686	지진 균열
4687	압사 발구르기
4688	부리 휘두르기
4689	애통한 외침
4690	황금 발톱
4691	주둥이 꽂기
4692	초코 발차기
4693	화염 구체
4694	빙결 구체
4695	찢어발기기
4696	큰손
4697	채찍질
4698	소음 공해
4699	노린내
4700	흥망성쇠
4701	빽빽한 나뭇가지
4702	원죄
4703	꼬리치기
4704	사격
4705	날카로운 돌풍
4706	음속 폭격
4707	폭음 파동
4708	강력 공격
4709	강력 공격
4710	마도 광자포
4711	마도포
4712	비늘 물결
4713	칼날 날개
4714	웅장한 검격
4715	마도 레이저
4716	박치기
4717	괴성
4718	마른 물갈퀴
4719	번개 방전
4720	썩은 물보라
4721	늪지 폭탄
4722	신비한 빛
4723	화염구
4724	화염구
4725	사형 선고
4726	썰물
4727	낙뢰
4728	사나운 뿔
4729	호령
4730	일식의 메테오
4732	황금 발톱
4733	자유낙하
4734	고산 기류
4735	겨울 바람
4737	공격
4738	가이뢰트
4739	슬픔의 방
4740	발포드르
4741	반격 태세
4743	빠른 발놀림
4744	지배자의 낙인
4745	금강불괴
4746	외면의 기개
4747	핏자국
4749	물덩어리
4750	발톱 난도질
4751	화염구
4752	화염의 숨결
4753	꼬리 매타작
4754	야성의 돌진
4755	대흥분
4756	뼈대 흔들기
4757	꼬리 후려치기
4758	원초의 분노
4759	에테르 공급
4760	그림자 파동탄
4762	削除予定
4764	착륙
4766	달빛
4767	달빛
4768	독액
4769	맹염: 절정
4770	맹염: 절정
4771	탄도 미사일
4772	털깃
4773	횡이동
4774	계시
4775	홍련의 불꽃
4776	극락의 바람
4778	마도 필드
4779	소환
4780	파직파직 번개
4781	찢어가르기
4782	감전
4783	전격 폭발
4785	카벙클 루비
4786	카벙클 옵시디언
4787	칼날 날개
4788	사일레스
4789	토네이도
4790	맹폭격
4791	꼬리 후려치기
4792	꼬챙이
4793	컬랩스
4794	얼음판
4795	타액 발사
4796	○削除予定
4797	채찍질
4798	살해의 발
4799	꼬리 휘젓기
4800	자폭
4801	저격
4802	불협화음
4803	차디찬 시선
4804	돌변
4805	매질
4807	마지막 노래
4808	태고의 울음소리
4809	강철의 정의
4810	허둥지둥
4811	자폭
4812	죽느냐 사느냐
4814	축전
4815	검은 위협
4816	검은 위협
4817	검은 위협
4818	정보 공개
4819	달걀술
4820	방어 태세
4821	다크 파이가
4822	독가시 꼬리
4823	대기 작렬
4824	대방전
4825	자동 대포
4826	번개 거미줄
4827	플라스마 방출
4828	증기 분출
4830	역청의 바다
4831	다크 블리자라
4833	다크 블리자가
4834	구타
4835	암석 던지기
4837	중력 가격
4838	전격
4839	메기도 플레임
4840	다크 파이가
4841	역청의 바다
4842	운석 낙하
4843	운석 낙하
4844	파편 폭발
4845	공격
4846	유체 타격
4847	물장구
4848	변화의 물결
4849	변화의 물결
4850	봇물
4851	봇물
4852	봇물
4853	유체 타격
4854	밸브 개방
4855	폭포수
4856	폭포수
4857	지목
4858	자석
4859	공격
4860	공격
4861	유체 강타
4862	유체 강타
4863	싹쓸이
4864	지목
4865	수량 균등화
4866	고통의 손길
4867	오수
4868	하수로
4869	극심한 오수
4870	자석
4871	자력
4872	강자력
4873	반발
4874	윤활유 폭발
4875	윤활유 폭발
4876	누전
4877	누전
4878	미끌미끌
4879	생명수
4880	성천정지
4881	에인션트 그래비가
4884	녹슨 도끼
4885	대기 작렬
4886	빛의 구체
4887	마도 난사
4901	빛의 기둥
4902	육체 타격
4903	정신 타격
4905	고블린 폭발
4906	번개 머리
4907	중압탄
4908	강산탄
4909	냉동 광선
4910	증기압 상승
4911	벼락
4912	돌격 명령
4913	중압탄
4914	전압탄
4915	강산탄
4916	전자석
4917	충전
4918	흰고래의 분노
4919	영원한 빛줄기
4920	영원한 빛줄기
4921	방산 레이저
4922	폭산
4923	대전차 화기
4924	태고의 눈물
4925	거품 공격
4927	급수
4928	울부짖는 날개
4929	굉풍
4930	청소의 주술
4931	돌풍
4932	고래수염 폭탄
4933	진공파
4934	구름신 기류
4935	번개 머리
4936	낙뢰
4937	서리 안개
4938	쥐어박기
4939	거친 눈보라
4940	코 회초리
4941	락 오브 에이지
4942	부드러운 영감
4943	맹진
4944	피개 교합
4945	레이저 측정기
4946	올가미
4947	작열지옥
4948	붕괴
4949	화염구
4950	고블린 공격
4951	허세
4952	폭탄 던지기
4953	고블린 피부
4954	무법지대
4955	지저귐
4956	뼈대 꺾기
4957	소방용수
4958	팔꿈치 찍기
4959	치명적 쪼기
4960	찢어발기는 바람
4961	비틀어진 통곡
4962	맹속 타격
4963	섬 떨어뜨리기
4964	목 쪼개기
4965	지느러미줄
4966	물 쏘기
4967	범람
4968	유혹의 사과
4969	몸통 박기
4970	타락
4971	피의 애무
4972	잎사귀 폭풍
4973	점액 배출
4974	썩은 냄새
4976	공중전 기동
4977	뇌둔술
4978	백도난무
4979	재림의 충격
4980	재림의 충격
4981	사역마 기동
4982	보이드의 피
4983	삼단베기
4984	기생
4985	꿈틀대기
4986	불꽃검
4987	마름쇠
4988	급습
4989	단검 던지기
4990	에테르 공급
4991	망자의 노래
4992	광기의 노래
4993	섀도우 플레어
4994	제3의 다리 전진
4995	마지막 노래
4996	무너지는 하늘
4997	운석 낙하
4998	착륙
4999	운석 낙하
5000	공격
5001	화염방사
5002	도토리 폭탄
5003	나뭇가지 폭풍
5004	염산 뿌리기
5007	윤회 의식
5008	공격
5009	향기의 덫
5010	폭식
5011	방출
5012	방출
5013	달콤한 향기
5015	파이어
5016	블리자드
5017	파이어
5018	블리자드
5019	지옥의 심판
5020	피의 애무
5021	향기의 덫
5022	잎사귀 폭풍
5023	썩은 냄새
5024	예리한 벌침
5025	꼬리치기
5026	화염의 원
5027	회전 베기
5028	석화
5029	확산 광선
5030	두뇌 장악
5031	유도 미사일
5032	원자 파동
5033	곤두박질
5034	사형 선고
5035	천상의 액체
5036	에테르 홍수
5037	순간 돌풍
5038	순간 돌풍
5039	화염구
5040	타액 발사
5041	사악한 눈길
5042	얼음판
5043	통구이
5044	플라스마 방출
5045	화강암 세례
5046	영원한 빛줄기
5047	영원한 빛줄기
5048	드래곤 발구르기
5049	다크 파이가
5050	마력 반발
5051	이중 공격
5053	임시처분
5054	임시처분
5058	죽음의 광선
5061	거품 공격
5062	거품 공격
5063	구름신 기류
5064	구름신 기류
5065	번개 송곳니
5067	울부짖기
5068	흡혈 물어뜯기
5069	뇌둔술
5070	두뇌 휘젓기
5071	두뇌 휘젓기
5072	하늘의 원천
5073	케알
5075	흰고래의 분노
5076	태고의 눈물
5077	거품 공격
5079	울부짖는 날개
5080	굉풍
5081	고래수염 폭탄
5082	진공파
5083	구름신 기류
5084	번개 머리
5085	낙뢰
5086	거품 공격
5087	구름신 기류
5088	무너지는 하늘
5089	마른 물갈퀴
5090	젖은 물갈퀴
5091	염증 파열
5092	공격
5093	공격
5094	에어로
5095	필멸의 격변
5096	필멸의 격변
5097	임무용 아이템
5098	무신섬
5099	전후방 방어
5100	측면 방어
5101	반의
5102	맹염: 발단
5103	맹염: 발단
5104	맹염: 발단
5105	맹염: 발단
5106	맹염: 전개
5107	맹염: 전개
5108	맹염: 전개
5109	맹염: 전개
5110	귀무신
5111	귀무신
5112	불멸혼
5113	신통력
5116	달빛
5117	찬드라하스
5118	투기탄
5119	투기탄쇄
5120	충천격
5121	관통산탄
5122	투기포
5123	맹염: 절정
5124	맹염: 절정
5125	달빛
5126	맹염: 절정
5127	맹염: 절정
5128	불꽃검
5129	파이어
5130	블리자드
5134	공격
5135	광염: 파멸
5136	창천의 폭죽
5137	발톱 난도질
5138	화염구
5140	석화의 눈빛
5141	단물
5142	대낫 베기
5143	대낫 베기
5144	심연의 사신
5145	천벌 작렬
5146	악마 강하
5147	피의 수확
5148	공격
5149	불꽃 소용돌이
5150	뱀의 일격
5152	게헨나
5153	대낫 강타
5154	석화
5155	살수포
5156	전하 강타
5157	공생
5158	몸통 박기
5159	침수
5160	축출
5161	전하 소용돌이
5162	물폭탄
5163	향연의 포효
5164	향연의 포효
5165	죽음의 턱
5166	기습 깨물기
5167	고산 기류
5168	워터
5169	물의 파열
5170	물폭탄
5171	죽음의 턱
5172	포획
5174	부식성 담즙
5175	부식성 담즙
5176	벌레독
5177	벌레독 살포
5178	꿈틀대는 촉수
5179	꿈틀대는 촉수
5180	부정한 탑
5181	담즙 바닥
5182	검은 폐
5183	보이드의 계약
5184	흡입
5185	포식
5186	배출
5187	배출
5188	역병
5189	죽음의 광선
5190	부정한 빛
5191	부패
5192	대부패
5193	보이드의 참격
5194	보이드의 덫
5195	죽음의 일격
5196	탐욕스러운 입질
5197	심연의 비명
5198	황폐화
5199	공격
5200	신생의 시
5201	미라클 플래시
5202	디렉터 지시
5203	보이드의 벽
5204	보이드 마배리어
5205	점액 폭탄
5206	점액 분무
5207	공격
5208	하얀 숨결
5209	비열한 채찍
5210	공격
5211	이계의 요기
5212	뿌리 폭풍
5213	충격파 발구르기
5214	만개
5215	유독성 포자
5216	매혹의 눈길
5217	꽃잎 세례
5218	꽃잎 세례
5219	절멸
5220	매혹의 눈길
5221	영혼 흡입
5222	흰곰팡이
5223	부식
5224	비릿한 입냄새
5225	비릿한 입냄새
5226	씨뿌리기
5227	몸통 박기
5228	꼬챙이
5229	점균 작렬
5230	비릿한 입냄새
5231	질척한 입냄새
5232	질척한 입냄새
5233	방어 지시
5234	봉오리 터뜨리기
5235	페로몬 누출
5236	독침
5237	벌독 분무
5238	공격 지시
5239	연계 지시
5240	직선 쐐기
5241	날카로운 쐐기
5242	바늘 십자포
5243	바늘 십자포
5244	번개 강타
5245	공격
5246	아스칼론의 권능
5247	아스칼론의 자비
5248	아스칼론의 자비
5249	백뢰
5250	백뢰
5251	메테오 레인
5252	메테오 레인
5253	에인션트 퀘이가
5254	에인션트 퀘이가
5255	천상의 발꿈치
5256	용의 눈
5257	용의 마안
5258	사룡의 눈빛
5259	사룡의 마염
5260	나이츠 오브 라운드
5261	궁극의 종말
5262	궁극의 종말
5263	아스칼론의 광휘
5264	거룩한 십자가
5265	거룩한 십자가
5266	할로네의 창
5267	창천 태세
5268	천상의 참격
5269	지고한 신성
5270	신성한 검무
5271	성스러운 방패 강타
5272	거룩한 십자가
5273	차원 파괴
5274	차원 파괴
5275	굳건한 신앙
5276	신념
5277	신념
5278	영원한 신념
5279	무거운 충격
5280	무거운 충격
5281	무거운 충격
5282	무거운 충격
5283	무거운 충격
5284	절대적 신념
5285	절대적 신념
5286	나선 찌르기
5287	나선 관통
5288	공중 도약
5289	공중 도약
5290	천상의 도약
5291	천상의 불꽃
5292	천상의 불꽃
5293	거룩한 사슬
5294	동장군 폭풍
5295	동장군 폭풍
5296	홀리 메테오
5297	영혼의 순수
5298	영혼의 순수
5299	혜성 낙하
5300	운석 낙하
5301	혜성
5302	휩쓸기
5303	매질
5304	산성 분무
5305	표적 조준
5306	에테르 복사
5307	치명적인 칼날
5308	빛의 창
5309	빛의 창
5310	지옥행 급강하
5311	빛의 열상
5312	치명적인 칼날
5314	수류탄
5315	꿰뚫기
5316	질척한 입냄새
5317	굴착
5318	변질
5319	채굴
5320	난타
5321	봄 배양
5322	불꽃 회초리
5323	파괴 공작
5324	봄봄
5325	파이어
5326	대폭발
5327	대폭발
5328	대폭발
5329	푸른 불꽃
5330	자폭
5331	대폭발
5333	비릿한 입냄새
5334	변화
5335	변화
5336	변화
5337	자폭
5340	자폭
5341	대낫 베기
5342	몸통베기
5343	칼갈이
5344	저주의 말
5345	급소 찌르기
5346	숫돌
5347	보이드 파이라
5348	보이드 블리자라
5350	자아
5351	잘근잘근
5352	내동댕이
5353	고목의 분노
5354	탄환
5355	영험한 물
5357	마구 돌리기
5358	메테오
5359	불태우기
5360	재난
5361	불덩이
5362	뿔 박기
5363	공포의 뿔
5364	낙뢰
5365	방전
5366	태고의 안광
5367	점막
5369	끈적한 실
5370	독 숨결
5371	대폭발
5372	독성 연기
5373	독성 폭발
5374	석화
5376	에테르 폭발
5377	에테르 폭발
5380	지옥행 급강하
5381	10톤즈 후려치기
5382	10톤즈 휘두르기
5383	사나운 뿔
5384	아류화시
5385	아류월륜
5386	아마츠류: 거울
5387	독성 폭풍
5388	혈류 정지
5390	쿵덕쿵덕
5391	쿵덕쿵덕
5392	쿵덕쿵덕
5393	악몽
5394	끈끈이
5395	향연의 포효
5396	봄 배양
5397	불똥
5398	표적 조준
5399	대화염
5400	꿰뚫기
5401	쿵덕쿵덕
5402	쿵덕쿵덕
5403	맹속 타격
5404	섬 떨어뜨리기
5405	목 쪼개기
5406	반대 교합
5407	태고의 울음소리
5408	제3의 다리 전진
5409	넘어뜨리기
5410	제3의 다리 후퇴
5411	끈끈이 거미줄
5412	부식성 분무
5413	치명적 일격
5414	치명적 일격
5415	파멸 영역
5416	명주실 장막
5417	치명적 일격
5418	망치부리
5419	석화 숨결
5420	마비 숨결
5421	독 숨결
5422	최면 숨결
5423	지느러미줄
5424	물 쏘기
5425	범람
5426	피의 애무
5427	향기의 덫
5428	잎사귀 폭풍
5429	썩은 냄새
5430	마수의 눈동자
5431	석화
5432	뿔소 돌진
5433	백안시
5434	마안
5435	마수의 포효
5436	빽빽한 나뭇가지
5437	나뭇가지 폭풍
5438	도토리 폭탄
5439	손등치기
5440	흥망성쇠
5442	모래 숨결
5443	모래폭풍
5444	독 숨결
5445	지진
5446	모래 태풍
5447	모래늪
5448	모래기둥
5449	압사 발구르기
5450	고막 파열
5451	지진 균열
5452	불러들이기
5453	낭랑한 울음소리
5455	급속 돌진
5456	음속 폭격
5457	광란
5458	날개바람
5459	음파 폭풍
5460	폭음 파동
5461	물벼락
5462	영혼 분리
5463	영혼 분리
5464	비늘 물결
5465	비늘 물결
5466	지느러미줄
5467	터빈
5468	하늘의 악의
5469	하늘의 멸시
5470	따뜻한 빛
5471	차가운 어둠
5472	점액 분무
5473	산성 분무
5474	대폭발