100001	작업
100002	가공
100003	능숙한 땜질
100004	중급 가공
100005	능숙한 땜질 2
100006	바람의 인장
100007	중급 작업
100008	고급 가공
100009	비레고의 축복
100010	경과 관찰
100015	작업
100016	가공
100017	능숙한 땜질
100018	중급 가공
100019	능숙한 땜질 2
100020	불의 인장
100021	중급 작업
100022	고급 가공
100023	경과 관찰
100030	작업
100031	가공
100032	능숙한 땜질
100033	강행 작업
100034	중급 가공
100035	능숙한 땜질 2
100036	얼음의 인장
100037	중급 작업
100038	고급 가공
100039	꾸준한 진척
100040	경과 관찰
100045	작업
100046	가공
100047	능숙한 땜질
100048	중급 가공
100049	능숙한 땜질 2
100050	땅의 인장
100051	중급 작업
100052	고급 가공
100053	경과 관찰
100060	작업
100061	가공
100062	능숙한 땜질
100063	모범 작업
100064	중급 가공
100065	능숙한 땜질 2
100066	번개의 인장
100067	중급 작업
100068	고급 가공
100069	모범 작업 2
100070	경과 관찰
100075	작업
100076	가공
100077	능숙한 땜질
100078	중급 가공
100079	능숙한 땜질 2
100080	중급 작업
100081	고급 가공
100082	경과 관찰
100083	견실한 작업
100090	작업
100091	가공
100092	능숙한 땜질
100093	중급 가공
100094	능숙한 땜질 2
100095	물의 인장
100096	중급 작업
100097	고급 가공
100098	비결
100099	경과 관찰
100105	작업
100106	가공
100107	능숙한 땜질
100108	성급한 손길
100109	중급 가공
100110	능숙한 땜질 2
100111	중급 작업
100112	고급 가공
100113	경과 관찰
100120	비레고의 기교
100121	비레고의 기교
100122	비레고의 기교
100123	비레고의 기교
100124	비레고의 기교
100125	비레고의 기교
100126	비레고의 기교
100127	비레고의 기교
100128	집중 가공
100129	집중 가공
100130	집중 가공
100131	집중 가공
100132	집중 가공
100133	집중 가공
100134	집중 가공
100135	집중 가공
100136	확신
100137	혁신적 손길
100138	혁신적 손길
100139	혁신적 손길
100140	혁신적 손길
100141	혁신적 손길
100142	혁신적 손길
100143	혁신적 손길
100144	혁신적 손길
100145	비레고의 기적
100146	비레고의 기적
100147	비레고의 기적
100148	비레고의 기적
100149	비레고의 기적
100150	비레고의 기적
100151	비레고의 기적
100152	비레고의 기적
100153	니메이아의 물레
100154	니메이아의 물레
100155	니메이아의 물레
100156	니메이아의 물레
100157	니메이아의 물레
100158	니메이아의 물레
100159	니메이아의 물레
100160	니메이아의 물레
100161	장인의 손재주
100162	장인의 손재주
100163	장인의 손재주
100164	장인의 손재주
100165	장인의 손재주
100166	장인의 손재주
100167	장인의 손재주
100168	장인의 손재주
100169	보람찬 작업
100170	보람찬 작업
100171	보람찬 작업
100172	보람찬 작업
100173	보람찬 작업
100174	보람찬 작업
100175	보람찬 작업
100176	보람찬 작업
100177	마감 작업
100178	견실한 마음가짐
100179	목수의 혼
100180	대장장이의 혼
100181	갑주제작사의 혼
100182	보석공예가의 혼
100183	가죽공예가의 혼
100184	재봉사의 혼
100185	연금술사의 혼
100186	요리사의 혼
100187	노동요
100188	노동요
100189	노동요
100190	노동요
100191	노동요
100192	노동요
100193	노동요
100194	노동요
