18	길드 의뢰
20	하이델린
21	에오르제아
22	라노시아
23	검은장막 숲
24	다날란
25	커르다스
26	모르도나
27	림사 로민사
28	림사 로민사 상층 갑판
29	림사 로민사 하층 갑판
30	중부 라노시아
31	저지 라노시아
32	동부 라노시아
33	서부 라노시아
34	고지 라노시아
35	사스타샤 침식 동굴
36	브레이플록스의 야영지
37	방랑자의 궁전
39	그리다니아
40	울다하 날 회랑
41	울다하 달 회랑
42	서부 다날란
43	중부 다날란
44	동부 다날란
45	남부 다날란
46	북부 다날란
47	나무꾼의 비명
48	구리종 광산
49	할라탈리 수련장
50	카른의 무너진 사원
51	울다하
52	그리다니아 신시가지
53	그리다니아 구시가지
54	검은장막 숲 중부삼림
55	검은장막 숲 동부삼림
56	검은장막 숲 남부삼림
57	검은장막 숲 북부삼림
58	탐타라 묘소
59	하우케타 별궁
61	토토라크 감옥
62	이슈가르드
63	커르다스 중앙고지
64	제멜 요새
65	금빛 골짜기
67	모르도나
68	비취 호수
69	숲눈물 벌채지
70	굽은가지 가도
71	수영풀 쉼터
72	송장나무 숲
73	벌꿀 마당
74	아홉덩굴 숲
75	가시나무 숲
76	종달새의 지저귐
77	실프 영지
78	높은길
79	낮은길
80	뱀허물 숲
81	침묵의 화단
82	우르드의 선물
83	소근소근 덤불
84	평온의 정원
85	오리나무 샘
86	영광의 개울
87	푸른 오소리 관문
88	하얀 늑대 관문
89	길버트 감시초소
90	배넉 연병장
91	가비노의 오두막
92	맨바위 언덕
93	워렌 감옥
94	굽은가지 목장
95	갈반스 감시초소
96	대지신의 망각
97	탐타라 묘소
98	거울못 나루
99	수련암
100	울타리나무
101	영원그늘
102	하우케타 별궁
103	공물단
104	움트는 연못
105	비늘바위
106	스프리건 소굴
107	호손 일가의 산장
108	울타리나무
110	아마리세 감시초소
111	카스트룸 오리엔스
112	열두 신 대성당
113	실프 임시 주거지
114	달빛홀씨 숲
115	요람나무
116	금빛잎새 단
117	대롱대롱 꽈리
118	버스카론 감시소 옛터
119	주점 '버스카론 맘대로'
120	토토라크 감옥
121	이솜하 구덩이
122	주인 없는 암자
123	고요한 야영지
125	옛 암다포르 시가지
126	징검뿌리 늪지대
127	남부삼림 발착장
128	옛 암다포르 성
129	채석공방
130	붉은둔덕 요새
131	고블린족 야영지
132	낙엽 유입지
133	우르드의 샘
135	노란 뱀 관문
136	소근소근 조련소
137	에 타타 감시초소
138	울타리나무
139	숲언덕 공방
140	가을박 마을
141	둥둥 뜬 코르크 여관
142	플로렌텔 감시초소
143	산길잡이 바위굴
144	겔모라 유적
145	이크살군 벌채장
146	유지니아 감시초소
147	임시 대미궁 바하무트
151	여관 '둥지나무'
152	에오르제아 지하공간
153	모르디온 감옥
154	늑대우리
155	꽃꿀 나루
156	서쪽 잎맥
157	동쪽 잎맥
158	조슬랑 감시초소
159	들꽃만발 양봉장
160	정령 깃든 어린나무
161	산들바람 줄기
162	여름여울
163	삼 말름 굽잇길
164	모라비 만
165	삼나무 숲
166	신의 손아귀
167	핏빛해안
168	빗물받이 숲
169	아젤리스 옛 가도
170	쿼터스톤
171	해골 골짜기
172	하프스톤
173	환영 제도
174	참나무 숲
175	기나긴 오르막
176	무쇠호수
177	청동호수
178	젤마 계곡
179	산들바람 관문
180	갈라디온 만
181	데네벨 가도
182	불량배 강
183	라다그란 관문
184	여름여울 농장
185	바다노래 석굴
186	아젤리스 강
187	가마솥 공터
188	개척자의 헛간
189	낭떠러지 절벽
190	하늘승강기
191	데네벨 관문
192	속삭임 골짜기
193	니므 강
194	앞돛대 탑
195	미아교
196	안경 바위
197	과부의 눈물
198	폭풍 관문
199	오쉬온 대교
200	붉은수탉 농장
201	회색함대 풍차마을
202	눈먼 무쇠 갱도
203	라다그란 가도
204	버려진 폐가
205	흰갈매기 탑
206	코스타 델 솔
207	아젤리스 강
208	선착장
209	갈록의 보금자리
210	선착장: 숨겨진 폭포
211	숨겨진 폭포
212	브레이플록스의 야영지
213	끊어진 가죽끈 주막
214	붉은사마귀 폭포
215	선착장: 빗물받이 숲
216	포도주 항구
217	카스트룸 옥시덴스
218	칼새횃대 개척지
219	도도 서식지
220	양조장이 등대
221	데네벨 가도
222	사스타샤 침식 동굴
223	맥주 항구
224	해골 골짜기 야영지
225	에어크햄 묘지
226	북쪽 방파벽
227	남쪽 방파벽
228	배의 무덤
230	시리우스 대등대
231	메메룬 교역상점
232	가여운 여인의 제재소
233	살라오스의 유해
234	얼간이 폭포
235	은둔자의 암자
236	니므 하늘유적
237	감시대 야영지
238	우가마로 무장광산
239	청동호수 야영지
240	방랑자의 궁전
241	지지룬 교역상점
242	코볼드군 시굴지
243	망치 대지
244	지평선 가장자리
245	발자국 계곡
246	하늬바람 곶
247	가시 빠진 분지
248	검은솔 들판
249	악마의 손아귀
250	마른뼈 황야
251	모래 관문
252	웰윅 숲
253	불타는 장벽
254	불결한 샘터
255	잔라크
256	붉은 미궁
257	사골리 사막
258	푸른안개 수맥
259	라우반의 완충지
260	카스트룸 메리디아눔
261	사사모의 여든 계단
262	횃불산 등대
263	전갈 교역소
264	노피카의 우물
265	말뚝박기탑 1호
266	은 장터
267	구리종 광산
268	해돋이 문
269	해넘이 문
270	알라그 햇길
271	지평선 관문
272	초승달 만
273	말없는 왕
274	저녁별 만
275	달샘 동굴
276	파라타의 묘소
277	제국군 전초기지
278	돌팔매 빈민굴
279	페스카 모험가 야영지
280	자매 언덕
281	검댕개울
282	왕립 나나모 농원
283	울다하 조차장
284	알라그 별길
285	페스카 전망대
286	사사간 대왕 나무
287	사골리 관문
288	알라그 햇길
289	주점 '궤짝과 관짝'
290	검은솔 정류소
291	실디하 유적
292	사막쥐 소굴
293	지옥무리 개미굴
294	희망 없는 유민가
295	봉화 언덕
296	나나와 은광
297	부정한 계승자
298	키브론 별장 자취
299	알라그 햇길
300	마른뼈 야영지
301	보이지 않는 도시
302	성 아다마 란다마 교회
303	송곳 봉우리
304	금 장터
305	할라탈리 수련장
306	아말쟈군 진영
307	하늘다리
308	유그람 강
309	달 사당
310	검붉은 폭포
311	마지막 기원
312	카른의 무너진 사원
313	리틀 알라미고
314	도마뱀 개울
315	떠돌이의 무덤
316	화염 신도 부락
317	유령 호수
318	잔라크 보조 진영
319	잔라크 제단
320	자하라크 진영
321	날 사당
322	미노타우로스 말름
323	잊힌 오아시스
324	비레고의 강타
325	푸른안개 야영지
326	동쪽 감시탑
327	서쪽 감시탑
328	아마지나 미스릴 폐광
329	달라가브의 발톱
330	청린 원천지
331	청린 정제소
332	전진 관문
333	카스트룸 메리디아눔
334	송곳 봉우리
335	마도열차 정거장
336	비공전함 발착장
337	모라비 조선소
338	소금기둥 해변
339	촛불지기 부두
340	텅 빈 심장
341	오쉬온 등대
342	청린 채취장
343	하우케타 별궁 1층
344	하우케타 별궁 2층
345	하우케타 별궁 지하
346	신궁부대 사령실
347	말없는 선인의 좌탁
348	재생의 그루터기
349	카스트룸 마리눔
350	외지 라노시아
351	사령함교: 제독실
352	림사 로민사 회의장
353	림사 로민사 연설장
354	은갑옷단 총장실
355	향불방
356	모래의 집
357	불꽃신의 제단
358	늑대우리 부두
359	오고모로 화산구 신전
360	가시 정원
361	울부짖는 눈 석탑군
362	바다뱀 소굴
363	사프사 산란지
364	사하긴군 진영
365	은닉 항구
366	뜨끈포도주 요양원
368	선착장: 맥주 항구
370	방파제: 초승달 만
371	방파제: 은 장터
372	지하 2층
373	달 회랑
374	새벽의 방
375	말뚝박기탑 2호
376	말뚝박기탑 3호
377	나무꾼의 비명
378	에테라이트 광장
379	차원의 틈: 영빈실
380	용머리 벌판
381	섭리의 땅
382	큰바위 언덕
383	하얀테 설원
384	할드라스 전진가도
385	아도넬 점성대
386	그리핀 대교
387	아트보르그 요새지대
388	용머리 전진기지
389	마녀의 비탈
390	강철 경계초소
391	악귀의 위장
392	성 다니펜의 눈물
393	나탈란 입식지
394	금빛 골짜기
395	일곱 메아리의 길
396	비석 탑
397	할로네의 눈길
398	성 다니펜의 여정
399	제멜 요새
400	대심판의 문
401	돌방패 경계초소
402	하얀테 전초지
403	베히모스의 영역
404	얼음외투 대빙벽
405	칼날 봉우리
406	구름길
407	구름바다
408	하얀 늑대 관문(중부삼림 서쪽 방면)
409	짙은안개 습원
410	은빛눈물 호수 북부
411	망자의 종소리
412	붕괴한 야영지
413	엉킨덩굴 습지대
414	이른서리 고개
415	카스트룸 센트리
416	성 코이나크 재단 조사지
417	노래하는 열곡
418	묵약의 탑
419	영원그늘<br>(장로나무)
420	크리스탈 타워
421	은빛눈물 호수
422	강심장호
423	대결 접수처
424	선착장: 늑대우리
425	안갯빛 마을
426	라벤더 안식처
427	하늘잔 마루
428	연병장
429	근위대의 길
430	마도성 프라이토리움
431	폐기물 처리장
432	주 진입로
433	제V폐쇄구역
434	중앙 교차로
435	마도열차 정류장
436	무기고
437	비공정 발착장
438	청린 양수장
439	던스탠 감시초소
440	마도성 프라이토리움
441	최상층
442	관리층
443	방어층
444	주요층
445	기저층
446	공방층
447	비공정 승강장
448	대공 방어 구역
449	마도 아머 격납고
450	바깥 통로
451	군단장실
452	기저 중추 구역
453	경사 승강기
454	스카이와의 연구실
455	마도 공방 구역
456	공방 승강기
457	후방 출입구
458	마도 병기 인증실
459	울부짖는 눈 테두리
460	선착장: 모라비 조선소
461	선착장: 환영 제도
462	로타노 해
463	라그나로크급 구속함
464	메테오 탐사갱 상부
465	메테오 탐사갱 하부
466	라그나로크급 구속함
467	가동격벽
468	중추구획
469	제1함교
470	안내인: 날 사당
471	안내인: 미노타우로스 말름
472	모래의 집
473	안내인: 하얀 늑대 관문
474	군단병 구역
475	선착장: 거울못 나루
476	선착장: 라벤더 안식처
477	후방 출입구
478	고대인의 미궁
479	고대인의 미궁 1층
480	고대인의 미궁 2층
481	돌의 집
482	잿빛 진영
483	구리종 광산(어려움)
484	하우케타 별궁(어려움)
485	아래층 1
486	아래층 2
487	아래층 3
488	가운데층 1
489	가운데층 2
490	가운데층 3
491	위층
492	山スポット25
493	시르쿠스 탑
494	사스타샤 침식 동굴(어려움)
495	방랑자의 궁전(어려움)
496	봉인된 바위섬
497	아발라시아
498	드라바니아
499	시리우스 대등대(어려움)
500	림사 로민사
501	저지 라노시아
502	라노시아
503	고지 라노시아
504	울다하
505	다날란
506	그리다니아(검은장막 숲)
507	검은장막 숲
508	커르다스
509	모르도나
510	아발라시아
511	드라바니아
512	이슈가르드
520	참회의 회랑
521	관용의 회랑
522	어리석은 자의 방
523	벌거벗은 자의 방
524	심문의 방
525	단죄의 방
526	속죄의 회랑
527	고해의 방
528	출입구
529	파도소리 오쉬폰의 독방
530	둔탱이 베르간드의 독방
531	열손가락 타타비의 독방
532	늪사람 유킬의 독방
533	달랑드르 공녀의 독방
534	출입구
535	어린나무 제단
536	이름 없는 묘
537	절대왕 갈반스의 묘
538	이니크 가 묘
539	큰나무 제단
540	메나 가 묘
541	고목나무 제단
542	돌다리
543	적막의 고리
544	항아리 방
545	칼라인 카페
546	모험가 길드
547	칼라인 카페<br>(모험가 길드)
548	여관 '둥지나무'
549	그리다니아 비공정 승강장
550	미스탈 이음다리
551	물레방아 네거리
552	푸른 오소리 관문
553	떡갈나무 저택
554	목수 길드
555	떡갈나무 저택<br>(목수 길드)
556	피가가의 물레방아
557	도토리 놀이터
558	베를랑 이음다리
559	하얀 늑대 관문
560	붉은 수달 관문
561	신궁부대 본부
562	궁술사 길드
563	신궁부대 본부<br>(궁술사 길드)
564	흑단나무 상점가
565	자단나무 상점가
566	나무그늘 정자
567	가죽공방 '펜이르'
568	가죽공예가 길드
569	공예품점 '펜이르'
570	귀곡부대 주둔소
571	창술사 길드
572	귀곡부대 주둔소<br>(창술사 길드)
573	무구점 '켄타우로스의 눈'
574	검은 멧돼지 관문
575	아프칼루 폭포
576	어진나무 명상굴
577	환술사 길드
578	어진나무 명상굴<br>(환술사 길드)
579	풍요신 제단
580	미 케토 야외음악당
581	비옥토 농장
582	원예가 길드
583	비옥토 농장<br>(원예가 길드)
584	휘파람 방앗간
585	홍차강
586	속삭임 계곡
587	비취 호수
588	시내 중심부
589	문투이 양조창고
590	에테라이트 광장
591	쌍사당 통합사령부
592	동부 나루터<br>검은장막 숲 동부삼림
593	초코보 대여소
594	가죽공방 '펜이르'<br>(가죽공예가 길드)
595	동부 나루터
596	막힌 길인 것 같다
597	푸른 오소리 관문(중부삼림 동쪽 방면)
598	노란 뱀 관문(북부삼림 방면)
599	1층
600	2층
601	지하 1층
602	입구
603	식량 창고
604	장미 방
605	창고
606	음악실
607	도서실
608	백합 방
609	패랭이꽃 방
610	와인 저장고
611	피의자의 방
612	고문의 방
613	날 관문
614	불멸대 작전본부
615	모래늪
616	모래늪<br>(모험가 길드)
617	여관 '모래시계'
618	백금 신기루
619	격투사 길드
620	백금 신기루<br>(격투사 길드)
621	에메랄드 거리
622	투기장
623	검술사 길드
624	투기장<br>(검술사 길드)
625	루디우스 무구점
626	나나모 관문
627	아르자네스 납골당
628	에랄리그 묘당
629	주술사 길드
630	아르자네스 납골당<br>(주술사 길드)
631	보석점 '에쉬템'
632	에쉬템 직영공방
633	보석공예가 길드
634	에쉬템 직영공방<br>(보석공예가 길드)
635	아마지나 광산회사
636	광부 길드
637	아마지나 광산회사<br>(광부 길드)
638	줄마노 거리
639	황금 마당
640	루비길 국제시장
641	우물식 승강기
642	직물전문점 '태양비단'
643	재봉사 길드
644	직물전문점 '태양비단'<br>(재봉사 길드)
645	달 관문
646	사파이어길 국제시장
647	진주 거리
648	밀바네스 예배당
649	프론데일 약학원
650	연금술사 길드
651	프론데일 약학원<br>(연금술사 길드)
652	프론데일 보도
653	왕의 산책로
654	울다하 비공정 승강장
655	둥지나무 여관 문
656	침식 동굴
657	안개수염 아지트
658	안개수염 해구
659	침식 동굴
660	울부짖는 연못
661	막다른 곳
662	커얼의 보금자리
663	현제문
664	조수실
665	출입구
666	항해사실
667	갑판원실
668	선장실
669	징벌방
670	현제문
671	잠수부문
672	숨겨진 나루터
673	A1 갱도
674	B1 갱도
675	B4 갱도
676	재개발구역 E1 갱도
677	재개발구역 E2 갱도
678	식인종의 웅덩이
679	아우성 구렁
680	한탄의 구렁
681	암굴왕의 옥좌
682	개척되지 않은 덤불
683	브레이플록스의 피난처
684	진흙탕 수원지
685	브레이플록스의 야영지
686	브레이플록스의 감시소
687	피난처 앞뜰
688	피난처 뒷뜰
689	야영지 앞뜰
690	용의 보금자리
691	야영지 내문
692	권투 훈련장
693	검투 훈련장
694	수투 훈련장
698	관청 구역
700	상층 갑판
701	하층 갑판
702	아스탈리시아호
703	산호탑<br>(도끼술사 길드)
704	산호탑
705	총술사 길드
706	멜반 세관공사
707	멜반 세관공사<br>(비술사 길드)
708	레스토랑 '비스마르크'
709	레스토랑 '비스마르크'<br>(요리사 길드)
710	날디크와 비멜리 사
711	"날디크와 비멜리 사<br>(대장장이, 갑주제작사 길드)"
712	비술사 길드
713	그물 창고
714	그물 창고<br>(어부 길드)
715	물에 빠진 돌고래 주점
716	물에 빠진 돌고래 주점<br>(모험가 길드)
717	생선가게 '유리바다'
718	약국 '일곱 번째 세이지'
719	영원한 소녀 주점
720	요리사 길드
721	뒷돛대
722	사령함교
723	사령함교: 작전지휘실
724	사령함교: 작전회의실
725	림사 로민사 비공정 승강장
726	초코보 대여소
727	북극성 등대
728	여객선 부두
729	양식장
730	경매소
731	까마귀 승강기
732	방파벽 회관
733	여관 '뒷돛대'
734	어부 길드
735	산들바람 관문
736	폭풍 관문
737	뱃고물 광장
738	에테라이트 광장
739	팔분의 광장
741	닻 마당
742	제비갈매기 대교
743	국제거리 광장
744	국제거리 동쪽 상점가
745	국제거리 서쪽 상점가
746	칠성장어 다리
747	피라미 다리
748	중앙 관제구역
749	북쪽 관제구역
750	선장 구역
751	남쪽 관제구역
752	해병 구역
753	상업 구역
754	선착장: 림사 로민사
755	흑와단 군령부
756	패랭이꽃 문
757	잠긴 문
758	잠긴 문
759	피난처 정문
760	피난처 내문
761	피난처 뒷문
762	야영지 정문
763	선장실 문
764	모험가 길드(대장장이·갑주제작사 길드/흑와단)
765	요리사 길드(레스토랑 '비스마르크')
766	도끼술사 길드(산호탑)
767	시장(국제거리 광장)
768	어부 길드(쌍검사 길드)
769	비술사 길드
770	산들바람 관문(중부 라노시아 방면)
771	폭풍 관문(저지 라노시아 방면)
772	모험가 길드(시장)
773	주술사 길드
774	검술사 길드(투기장)
775	광부 길드
776	연금술사 길드
777	재봉사 길드
778	울다하 왕정청
779	나나모 관문(서부 다날란 방면)
780	날 관문(중부 다날란 북쪽 방면)
781	달 관문(중부 다날란 남쪽 방면)
782	궁술사 길드
783	가죽공예가 길드(시장)
784	창술사 길드
785	환술사 길드
786	원예가 길드
787	미 케토 야외음악당
788	보석공예가 길드
789	침묵의 정원
790	긴 복도
791	여행자의 나루터
792	수상정원
793	무한회랑
794	여행자의 쉼터
795	방랑자의 예배당
796	금박 웅덩이
797	빈털터리 동굴
798	노란 호수
799	수위의 함정
800	수위 집합소
801	금고 문
802	세금징수인의 금고
803	수전노의 거처
804	수전노의 곳간
805	경비병 집합소
806	초코보 축사
807	출입구
808	대집회장
809	용숨결 폭포
810	위병 식당
811	위병 숙사
812	성 다니펜 예배당
813	연병장
814	태양의 테라스
815	타타메푸 II세의 기도소
816	라라푸토 I세의 안뜰
817	라라푸토 IV세의 지하신전
818	무력의 방
819	부의 방
820	마력의 방
821	지혜의 방
822	라라푸토 III세의 안뜰
823	심판의 방
824	메메토 여왕의 기도소
825	태양신 아제마의 방
826	기도소 문
827	잠긴 문
828	잠긴 문
829	잠긴 문
830	잠긴 문
831	잠긴 문
832	지하신전 문
833	무력의 문
834	부의 문
835	마력의 문
836	지혜의 문
837	심판의 문
838	메마른 층
839	샘솟는 층
840	청린수 층
841	포식의 앞방
842	침전하는 중간방
843	대식왕의 널방
844	뒷문
845	정문
846	집회실 문
847	식당 문
848	마도 필드 IV
849	1층
850	지하 1층
851	늑대 구렁
852	송곳니 감옥
853	발톱 감옥
854	유적 입구
855	무너진 유적
856	지하 유적
857	대십자 광장
858	부패의 미궁
859	이계의 미궁
860	연옥의 미궁
861	승천의 회랑
862	죽은 자의 욕실
863	임시 입구
864	어리석은 자의 욕실
865	썩은 왕의 사당
866	통탄의 회랑
867	요괴왕의 사당
868	초열의 회랑
869	짐승왕의 사당
870	부정의 집회실
871	참극의 익랑
872	배신의 알현실
873	1층
874	2층
875	3층
876	비탄의 앞뜰
877	감시 망루
878	우측 울타리
879	보조 격납고
880	기병 막사
881	좌측 울타리
882	용맹한 장수의 사당
883	망자의 욕실
884	피의자의 방 문
885	고문의 방 문
886	조사 거점
887	메테오 균열
888	메테오 탐사갱
889	알라그 유적
890	제I날개깃
891	탐사 갱도 심부
892	제VII구획
893	제IV구획
894	제II구획
895	제I구획
896	제III구획
897	제V구획
898	제VI구획
899	기관부 연소실
900	기관부 압축실
901	기관부 추진제실
902	가동격벽
903	바하무트의 오른손
904	제1함교
905	승강기 구획
906	제XII날개깃
907	제XI날개깃
908	제X날개깃
909	제IX날개깃
910	제VIII날개깃
911	제VII날개깃
912	제VI날개깃
913	제V날개깃
914	제IV날개깃
915	제III날개깃
916	제II날개깃
917	방위 지휘실
918	늑대우리
919	구속함
920	육각 승강기
921	구속함 가동격벽
922	요새 외곽
923	요새 내곽
924	기관부 연소실
925	기관부 압축실
926	기관부 추진제실
927	시리우스 대등대
928	제2탑 기반부
929	에테르 저장실
930	에테르 압축실
931	시리우스 등롱실
932	제3탑 기반부
933	제4탑 기반부
934	에테르 펌프실
935	5층
936	4층
937	3층
938	2층
939	1층
940	지하 1층
941	크리스탈 관문
942	여덟 검사의 앞뜰
943	일곱째 낙원
944	제789땅굴단 채굴지
945	노부의 육성지
946	달그림자 섬
947	바다 위 상선
948	바다 위 해적선
949	회귀의 묘비
950	미지의 낚시터
951	잎맥 물줄기
952	거울못
953	청록의 나락
954	잔물결 시내
955	실프의 계곡
956	하두바 강 상류
957	하두바 강 중류
958	하두바 강 하류
959	하두바 강 동쪽
960	고블린족 양식장
961	술렁이는 강
962	가을박 호수
963	타호토틀 호수
964	그리다니아: 비취 호수
965	그리다니아: 홍차강 하류
966	엉킨덩굴 습지대 원류
967	노래하는 열곡 북부
968	커르다스 강
969	칼날 봉우리 기슭
970	용머리 전진기지 저수지
971	조사대 얼음 구멍
972	이슈가르드 구름바다
973	산들바람 줄기 연안
974	여름여울 연안
975	서쪽 아젤리스 강
976	모라비 만 서쪽 절벽
977	삼나무 숲 연안
978	남부 핏빛해안
979	북부 핏빛해안
980	동쪽 아젤리스 강
981	빗물받이 소택지
982	해골 골짜기 연안
983	하프스톤 연안
984	환영 제도 북부
985	환영 제도 남부
986	청동호수 남부
987	청동호수 북부
988	청동호수 얕은 물
989	기나긴 오르막 계곡
990	검댕개울 상류
991	검댕개울 하류
992	마른뼈 황야 북쪽 샘터
993	마른뼈 황야 남쪽 샘터
994	적포도주 강
995	자하라크 샘
996	사골리 모래바다
997	사골리 모래언덕
998	푸른안개 샘터
999	그리다니아: 홍차강 상류
1000	그리다니아: 속삭임 계곡
1001	로타노 해 먼바다: 뱃머리
1002	로타노 해 먼바다: 뱃고물
1003	얼지 않는 연못
1004	투명한 연못
1005	죽음의 호수 남쪽
1006	죽음의 호수 서쪽
1007	애도의 바위굴 서쪽
1008	살리아크 강 상류
1009	살리아크 강 중류
1010	솜 알 산머리
1011	폐수 웅덩이
1050	토토라크 감옥
1051	탐타라 묘소
1052	구리종 광산
1053	사스타샤 침식 동굴
1054	금빛 골짜기
1055	하우케타 별궁
1056	할라탈리 수련장
1057	브레이플록스의 야영지
1058	카른의 무너진 사원
1059	방랑자의 궁전
1060	돌방패 경계초소
1061	나무꾼의 비명
1062	제멜 요새
1063	옛 암다포르 성
1064	시리우스 대등대
1065	구리종 광산(어려움)
1066	하우케타 별궁(어려움)
1067	브레이플록스의 야영지(어려움)
1068	할라탈리 수련장(어려움)
1069	옛 암다포르 시가지
1100	안갯빛 마을: 아담한 주택
1101	안갯빛 마을: 일반 주택
1102	안갯빛 마을: 대형 주택
1103	하늘잔 마루: 아담한 주택
1104	하늘잔 마루: 일반 주택
1105	하늘잔 마루: 대형 주택
1106	라벤더 안식처: 아담한 주택
1107	라벤더 안식처: 일반 주택
1108	라벤더 안식처: 대형 주택
1109	1층
1110	2층
1111	지하 1층
1112	1층
1113	2층
1114	지하 1층
1115	1
1116	2
1117	3
1118	4
1119	5
1120	6
1121	7
1122	8
1123	9
1124	10
1125	11
1126	12
1127	13
1128	14
1129	15
1130	16
1131	17
1132	18
1133	19
1134	20
1135	21
1136	22
1137	23
1138	24
1139	25
1140	26
1141	27
1142	28
1143	29
1144	30
1145	주택
1146	거주구 담당관
1147	1층
1148	지하 1층
1149	선착장: 안갯빛 마을
1150	안갯빛 마을 동부
1151	라벤더 안식처 동부
1152	하늘잔 마루 북부
1153	하늘잔 마루 남동부
1154	안내인: 하늘잔 마루
1155	안갯빛 마을 남부
1156	안갯빛 마을 남부(선착장)
1157	안갯빛 마을: 개인실
1158	하늘잔 마루: 개인실
1159	라벤더 안식처: 개인실
1160	개인 주택
1161	안갯빛 마을
1162	[확장 구역] 안갯빛 마을
1163	하늘잔 마루
1164	[확장 구역] 하늘잔 마루
1165	라벤더 안식처
1166	[확장 구역] 라벤더 안식처
1167	[확장 구역] 안갯빛 해변
1168	[확장 구역] 안개문 광장
1169	[확장 구역] 멜위브 수도교
1170	[확장 구역] 바다눈길 시장
1171	[확장 구역] 안갯빛 마을 북동부
1172	[확장 구역] 안갯빛 마을 남동부
1173	[확장 구역] 안갯빛 마을 중앙부
1174	[확장 구역] 안갯빛 마을 북서부(선착장)
1175	[확장 구역] 안갯빛 마을 남서부
1176	[확장 구역] 바다눈길 시장(거주구 담당관)
1177	[확장 구역] 센나의 나무
1178	[확장 구역] 나무왕관 상점가
1179	[확장 구역] 서낭신의 돌문
1180	[확장 구역] 연둣빛 상점가
1181	[확장 구역] 라벤더 안식처 북동부
1182	[확장 구역] 라벤더 안식처 남부
1183	[확장 구역] 라벤더 안식처 북서부
1184	[확장 구역] 라벤더 안식처 남서부
1185	[확장 구역] 야이누 파의 뜰
1186	[확장 구역] 보랏빛 나루
1187	[확장 구역] 나무왕관 상점가(거주구 담당관)
1188	[확장 구역] 끝없는 외풍
1189	[확장 구역] 하늘잔 시장
1190	[확장 구역] 한마음 광장
1191	[확장 구역] 나나모 대풍차
1192	[확장 구역] 라우반의 팔
1193	[확장 구역] 하늘잔 마루 동부
1194	[확장 구역] 하늘잔 마루 북부
1195	[확장 구역] 하늘잔 마루 남동부
1196	[확장 구역] 하늘잔 마루 남부
1197	[확장 구역] 하늘잔 마루 남서부
1198	[확장 구역] 하늘잔 시장(거주구 담당관)
1199	[확장 구역] 선착장: 안갯빛 마을
1200	안개문 광장
1201	멜위브 수도교
1202	바다눈길 시장
1203	안갯빛 해변
1204	안갯빛 마을 북서부
1205	안갯빛 마을 북동부
1206	바다눈길 시장(거주구 담당관)
1207	안갯빛 마을 남동부
1208	하늘잔 시장
1209	끝없는 외풍
1210	한마음 광장
1211	나나모 대풍차
1212	라우반의 팔
1213	하늘잔 시장(거주구 담당관)
1214	하늘잔 마루 북동부
1215	하늘잔 마루 서부
1216	하늘잔 마루 동부
1217	나무왕관 상점가
1218	센나의 나무
1219	서낭신의 돌문
1220	연둣빛 상점가
1221	야이누 파의 뜰
1222	보랏빛 나루
1223	라벤더 안식처 북서부
1224	라벤더 안식처 남동부
1225	라벤더 안식처 남서부
1226	나무왕관 상점가(거주구 담당관)
1227	안갯빛 마을: 지하공방
1228	하늘잔 마루: 지하공방
1229	라벤더 안식처: 지하공방
1230	에테라이트
1231	도시 내 이동
1232	상점
1233	수리
1234	모그레터
1235	초인종
1236	집사 고용
1237	링크셸 배포
1238	부대 금고
1239	초인종
1240	침대
1241	방명록
1242	간이 에테라이트
1243	던전
1244	선착장
1245	여객선 부두
1246	비공정 승강장
1247	거점
1248	여관
1249	모험가 길드
1250	위층으로
1251	아래층으로
1252	인접 지역으로
1253	아말쟈족 거점
1254	실프족 거점
1255	이크살족 거점
1256	사하긴족 거점
1257	코볼드족 거점
1258	검술사 길드
1259	격투사 길드
1260	도끼술사 길드
1261	창술사 길드
1262	궁술사 길드
1263	환술사 길드
1264	주술사 길드
1265	비술사 길드
1266	목수 길드
1267	대장장이 길드
1268	갑주제작사 길드
1269	보석공예가 길드
1270	가죽공예가 길드
1271	재봉사 길드
1272	연금술사 길드
1273	요리사 길드
1274	광부 길드
1275	원예가 길드
1276	어부 길드
1277	흑와단 군령부
1278	쌍사당 통합사령부
1279	불멸대 작전본부
1280	거주구 담당관
1281	장터 게시판
1282	대결 접수처
1283	레이드
1284	흑와단 대기 지점
1285	쌍사당 대기 지점
1286	불멸대 대기 지점
1287	마물 수배 게시판
1288	일기예보사
1289	쌍검사 길드
1290	골드 소서 도우미
1291	성 겡리올 점성원
1292	하늘강철 기공방
1293	초코보 수송
1294	다른 지역으로 이동
1301	메테오의 그림자
1302	구속의 고리
1303	라그나로크급 3번함 함체 중앙부
1304	라그나로크급 3번함 작전실
1305	라그나로크급 3번함 제1함교
1306	개척된 산길
1307	골렘의 핏길
1308	상흔의 입구
1309	배양기 운반기구
1310	생체 관리 구역
1311	생체 전송 구역
1312	파괴된 외부 격벽
1313	상부 갑판
1314	주 갑판
1315	하부 갑판
1316	좌현 제XIV구획
1317	우현 제XIII구획
1318	좌현 제XII구획
1319	우현 제XI구획
1320	좌현 제X구획
1321	우현 제IX구획
1322	중추 제VIII구획
1323	중추 제VII구획
1324	좌현 제VI구획
1325	우현 제V구획
1326	좌현 제IV구획
1327	우현 제III구획
1328	좌현 제II구획
1329	우현 제I구획
1330	중추 함수 구역
1331	거인의 방
1332	검투사의 전당
1333	할라탈리 수련장(어려움)
1334	대 리바이어선 쌍동선
1335	부패한 시가지
1336	봉인된 동굴
1337	제1대교각
1338	제2대교각
1339	수원지 샛길
1340	침입자의 임시 다리
1341	브레이플록스의 쓰레기장
1342	침입자의 야영지
1343	부패의 대로
1344	평화의 잔재
1345	백마도사의 탑
1346	꿈의 궁전
1347	봉인된 동굴
1348	악몽의 무도회장
1349	임시 관문
1350	새벽의 방
1351	브레이플록스의 야영지(어려움)
1352	안내인: 달 회랑
1353	배양층
1354	관리층
1355	주 격납고
1356	승천의 계단
1357	무리늑대 광장
1358	나선 회랑
1359	수호자의 투기장
1360	황금 회랑
1361	제국 극장
1362	시황제의 옥좌
1363	심판의 나무
1364	쌍사당 대기 지점
1365	불멸대 대기 지점
1366	흑와단 대기 지점
1367	쌍사당 전초기지
1368	불멸대 전초기지
1369	흑와단 전초기지
1370	알라그 시장 유적
1371	알라그 태양신전
1372	알라그 주거 유적
1373	태양광장 방위탑
1374	카르테노 평원: 외곽 유적지대
1375	탐타라 묘소(어려움)
1376	돌방패 경계초소(어려움)
1377	난파선의 섬
1378	안개수염 일당 아지트
1379	안개수염 보물창고
1380	기함 '바다안개호'
1381	생존자의 해안
1382	작은 홀
1383	에테라이트 광장(격투사 길드/불멸대)
1384	에테라이트 광장(모험가 길드/목수 길드/쌍사당)
1385	에카틀 실험장
1386	신음하는 연못
1387	썰물길
1388	점거 당한 아지트
1389	숨겨진 부두
1390	계율의 고치
1391	영원의 성당
1392	로웨나 기념회관
1393	공방 '다이아몬드 제련소'
1394	이단자의 땅굴
1395	고요한 얼음 동굴
1396	눈보라 절벽
1397	이단자의 비밀 소굴
1398	얼음기둥 뜰
1399	아크 아파 원형극장
1400	임시 감옥
1401	배수 관리실
1403	카른의 무너진 사원(어려움)
1404	라라푸토 IV세의 지하정원
1405	라라푸토 I세의 안뜰
1406	라그나로크급 6번함 함체 중앙부
1407	라그나로크급 6번함 재생 제어 구역
1408	라그나로크급 6번함 제1함교
1409	바하무트 핵심부
1410	라그나로크급 4번함 제1함교
1411	생체 관리 구역
1412	제VII생체 구역
1413	제IX생체 구역
1414	제XII생체 구역
1415	정신 접속 구역
1416	제I신도 구역
1417	생체 전송 구역
1418	재생 제어 구역 외곽
1419	재생 제어 구역 내곽
1420	1번함 관제 구역
1421	8번함 관제 구역
1422	9번함 관제 구역
1423	4번함 관제 구역
1424	2번함 관제 구역
1425	구속의 고리 제어 구역
1426	핵심 제어 구역
1427	에델바이스 상회
1428	선착장 창고
1429	응접실
1430	지하
1431	어둠의 세계
1432	케르베로스의 위장
1433	눈의 영역
1434	용의 영역
1435	개의 영역
1436	어둠의 영역
1437	케르베로스의 위장
1438	어둠의 해변
1439	눈의 섬
1440	눈의 전망대
1441	목의 섬
1442	용의 사냥터
1443	입의 섬
1444	개의 대문
1445	어둠의 전송기
1446	어둠의 고치
1447	옛 암다포르 성(어려움)
1448	비탄의 앞뜰
1449	고뇌의 방
1450	재앙의 십자로
1451	유혈의 무도회장
1452	대형 원양어선
1453	에델바이스 상회<br>(쌍검사 길드)
1454	31
1455	32
1456	33
1457	34
1458	35
1459	36
1460	37
1461	38
1462	39
1463	40
1464	41
1465	42
1466	43
1467	44
1468	45
1469	46
1470	47
1471	48
1472	49
1473	50
1474	51
1475	52
1476	53
1477	54
1478	55
1479	56
1480	57
1481	58
1482	59
1483	60
1484	골드 소서
1485	입구 광장
1486	에테라이트 광장
1487	카드 광장
1488	신비의 광장
1489	원형 광장
1490	이벤트 광장
1491	골드 소서 비공정 승강장
1492	중앙 카운터
1493	초코보 승강기
1494	자보텐더
1495	코렐 산
1496	이벤트 무대
1497	복권 추첨소
1498	맨더빌 라운지
1499	맨더빌 라운지
1500	초코보 광장
1501	초코보 경주 카운터
1502	초코보 승강기
1503	무너진 구조체
1504	제국군 임시 작업장
1505	부유가스 충전 구역
1506	환룡의 등
1507	묵약의 방
1508	（?）第１障壁
1509	（?）第2障壁
1510	대 드래곤 쇠뇌: 플라비앵
1511	（?）第3障壁
1512	대 드래곤 쇠뇌: 실베트렐
1513	（?）第4障壁
1514	대 드래곤 쇠뇌: 할드라스
1515	성도의 문
1516	（?）防衛橋エリア名
1517	에테라이트 광장
1518	입구 광장(카드 광장)
1519	신비의 광장 동쪽
1520	신비의 광장 서쪽
1521	이벤트 광장
1522	복권 추첨소
1523	원형 광장
1524	초코보 광장
1525	아래층
1526	가운데층
1527	위층
1528	1층
1529	3층
1530	지하 1층
1531	외곽 안뜰
1532	기병 막사
1533	요새 내부
1534	연병장
1535	작전회의실
1536	성 겡리올 예배당
1537	요새 외벽
1538	결승선
1539	뜀뛰는 돌의 섬
1540	나무가 흔들리는 길
1541	물에 감싸인 정원
1542	높바람 부는 신의 섬
1543	바람이 머무는 제단
1544	구름이 태어나는 신전
1545	박물함 입구
1546	역사 전시실
1547	병기 전시실
1548	박물함 방위실
1549	제III전시구역
1550	특급 키메라 배양실
1551	보라 관제구역
1552	진홍 관제구역
1553	연녹 관제구역
1554	현실확장실
1555	뱃머리 구조체
1556	좌현 구조체
1557	우현 구조체
1558	예배당 신랑
1559	예배당 측랑
1560	교황청 안뜰
1561	빙천궁
1562	교황청 신랑
1563	성 토르당 대성당
1564	예배당 승강실
1565	정원 동쪽 승강실
1566	정원 서쪽 승강실
1567	빙천궁 승강실
1568	빙천궁 성소
1570	성가대석
1571	기사단 강당
1572	빙천궁 예배당
1573	외부 둥지
1574	내부 둥지
1575	둥지 꼭대기
1576	중심 구조체
1577	아크 팔 라이
1578	꼬마 친구 광장
1579	제66호 전선 배양실
1580	텐 우르
1581	에른 스코르
1582	니드호그 안
1583	파괴된 접점
1584	바다뱀의 목구멍
1585	봉인된 바위섬 상륙 지점
1586	좁은길 침식곡
1587	제비꼬리 해안
1588	선발대 발굴지
1589	정문
1590	기계병기 연구동
1591	물자 운반로
1592	물자 분배장
1593	생체병기 연구동
1594	특수 경계 통로
1595	삼투신 제어구
1596	신경연결부
1597	마빈 구체
1598	견본 기체 실험고
1599	평가시험장
1600	제VII배양층
1601	제VIII배양층
1602	신경연결기관
1603	경계병기 연구동
1604	생체병기 연구동
1605	삼투신 제어구
1606	남쪽 산비탈
1607	영봉의 혈관
1608	불의의 산길
1609	청록 절벽
1610	붉은 무덤
1611	푸른 무덤
1612	영봉의 상처
1613	헤스 아파
1614	솜 알: 불의의 산길
1615	솜 알: 영봉의 혈관
1616	솜 알: 영봉의 상처
1617	묵상열람실
1618	환상서고
1619	괴상회합실
1620	에테르학 연구실
1621	박물학 연구실
1622	몽상금서고
1623	악마서 복도
1624	점성학 연구실
1625	광상금서고
1626	승강기
1627	승강기
1628	고르디우스의 주먹
1629	제583 정비갱도
1630	제262 증기기관실
1631	제44 기공병 격납고
1632	제8 대형 격납고
1633	고르디우스의 손목
1634	제542 정비갱도
1635	제541 정비갱도
1636	제539 정비갱도
1637	제12 대형 격납고
1638	고르디우스의 팔
1639	제523 정비갱도
1640	전략회의소 1층
1641	전략회의소 2층
1642	전략회의소 3층
1643	전략회의소 4층
1644	제9대형복수기
1645	고르디우스의 어깨
1646	초코보 광장(꼬마 친구 광장)
1647	디아뎀 제도
1648	손목 위층
1649	손목 아래층
1650	에테라이트 광장
1651	잊힌 기사 주점(성 발루아양 광장)
1652	하늘강철 기공방(성 레네트 광장)
1653	구름안개 거리
1654	성 겡리올 점성원(비공정 승강장)
1655	시장(보석홀장 거리)
1656	성 레마노 대성당(성 앙달림 신학원)
1657	신성재판소
1658	최후의 보루(포르탕 저택)
1659	성도의 문(커르다스 중앙고지 방면)
1660	개발실
1661	나오키의 방
1662	음악실
1663	꼬마 친구 공방전 카운터
1666	알렉산더 결절점
1667	고르디우스의 매듭
1668	4층  5층
1669	3층
1670	2층
1671	1층
1672	열대식물 전시실
1673	건생식물 전시실
1674	성 모샨의 연구동굴
1675	밀림의 오솔길
1676	연꽃너울 연못
1677	썩은 내 정원
1678	여왕벌의 옥좌
1679	향기 나는 식탁
1680	에테라이트 광장
1681	이딜샤이어 서쪽
1682	앞표지 관문(저지 드라바니아 서쪽 방면)
1683	뒤표지 관문(저지 드라바니아 동쪽 방면)
1684	코볼드군 지하갱도
1685	1층
1686	지하 1층
2000	고지 드라바니아
2001	저지 드라바니아
2002	드라바니아 구름바다
2003	초코보 숲
2004	연기 황야
2005	그나스의 토굴집
2006	쇠락한 아발로니아
2007	솜 알 산기슭
2008	애도의 바위굴
2009	예술의 거리
2010	심사의 거리
2011	철학의 거리
2012	솜 알 멧부리
2013	에일 톰
2014	지상왕의 영지
2015	네 기둥 광장
2016	올 탄
2017	잔디섬
2018	꼬리깃 마을
2019	비탄의 폭포
2020	지난날 강
2021	바스의 토굴집
2022	사룡상
2023	병정굴
2024	무신굴
2025	부정한 삼탑
2027	대너 가도
2028	에스 다이
2029	용의 식탁
2030	빛무리 제단
2031	솜 알
2032	대공방
2033	창조의 길
2034	성 모샨 식물원
2035	급류 삼각주
2036	마토야의 동굴
2037	석학의 길
2038	구브라 환상도서관
2039	살리아크 강
2040	살리아크의 물병
2041	기공성 알렉산더
2042	모그모그 고향
2043	편지집
2044	스도엔
2045	아사 구름다리
2046	하얀 궁전
2047	비룡 착륙지
2048	살 움 카쉬
2049	동쪽 감시탑
2050	용의 둥지
2051	성녀 시바 상
2052	학문의 거리
2053	살금걸음 오솔길
2054	수사슴 다리
2055	어미의 맹세 유적
2061	부정한 마을
2064	아네스 소
2065	돌칼기둥 벼랑
2066	대현자 기념비
2067	유격수 야영지
2068	온 원생림
2069	묵상의 길
2070	아술론 옛터
2073	확신의 길
2074	구브라 산
2075	외톨이 나무
2076	그론 레이
2077	으뜸 나무
2078	남쪽 성벽
2079	서쪽 샘
2080	지상왕 상
2081	무신의 투기장
2082	이딜샤이어
2083	공물 구멍
2084	앞표지 다리
2085	뒤표지 다리
2086	대현자 기념비
2087	에테라이트 광장
2100	아발라시아 구름바다
2101	아지스 라
2102	구름마루
2103	부르 시안시란
2104	분두 오크 벤두
2105	푸른하늘 창
2106	수난의 섬
2107	오크 분두 바나
2108	오크 분두 모크
2109	알파 구역
2110	베타 구역
2111	감마 구역
2112	델타 구역
2113	생태공원
2114	아지스 라 기함섬
2115	수호자호
2116	구름마루 초소
2117	장미의 집
2118	오크 군두
2119	철새 보금자리
2120	구름웅덩이
2121	웅변가 벤두의 집
2122	흰고래 왕관
2123	오크 준두
2124	오크 분두
2125	떨어진 깃털의 집
2126	환상열석
2127	헤느거의 도가니
2128	찬바람섬
2129	모크 우글 섬
2130	거두지 않는 섬
2131	나선 발착장
2132	알파 교신탑
2133	에테르 공급시설
2134	제II전송고리
2135	제III전송고리
2136	생체 배양소
2137	돌연변이 실험장
2138	제IV전송고리
2139	제V전송고리
2140	비공전함 그라티온
2141	비공전함 착륙 지점
2142	카스트룸 솔루스
2143	제VI전송고리
2144	제VII전송고리
2145	반려자의 책형대
2146	에쉬 톰
2147	마과학 연구소
2148	무한연속 박물함
2149	신경연결기관
2150	특이점 반응기관
2151	쪽빛 성역
2152	마지막 발걸음
2153	들소 벌판
2154	물안개 폭포
2156	티끌점괘 곶
2159	부서진 등뼈
2160	기원의 섬
2161	크리스탈 증식로
2162	종합 냉각소
2164	키메라 생성 연구소
2166	생태공원 관리국
2170	고대 대성당
2172	델타 수도국
2173	큰갓털나무
2174	삼투신 상
2175	격리실험장
2176	기동보급함
2177	초성간교신탑
2178	특이점 반응기관
2179	마대륙 중추부
2180	잔해섬
2181	보이드의 방주
2182	선미루 갑판
2183	후방 갑판
2184	좌현 환기 구역
2185	우량종 보관고
2186	선내 마도 통로
2187	동력 구역
2188	주 요마 동력로
2189	야수의 보금자리
2190	좌현 후방 환기실
2191	좌현 전방 환기실
2192	개량종 배양실
2193	중앙 마도 통로
2194	동력 조정소
2195	여왕의 침소
2196	상부 갑판
2197	선창
2198	선수루
2199	제2갑판
2200	커르다스 서부고지
2201	맞가람 골짜기
2202	쌍둥이 연못
2203	붉은 가장자리
2204	매의 보금자리
2205	커르다스 강
2206	빠른물살 강
2207	고르가뉴 목장
2208	솔송나무 마을
2209	맞가람 야영지
2210	죽음의 호수
2211	잿빛 호수
2212	용이 잠든 섬
2213	예티 서식지
2214	어스름 요새
2215	할드라스 상
2216	모루탑
2217	회색꼬리 폭포
2218	이단자의 갱도
2219	점판암 산맥
2220	성 피네아 연대 야영지
2221	흑철교
2222	아홉째 홀장
2223	고르가뉴 목초지
2224	북녘별호
2225	뱃밥 나루터
2227	용숨결 온천
2228	감시자의 뼈
2237	창협곡 관문
2238	부름바위
2239	선미 회랑
2240	나키 섬
2241	북서 해역
2242	북동 해역
2243	남서 해역
2244	남동 해역
2245	하늘의 왕관
2246	제6착륙지점
2247	제7착륙지점
2248	제8착륙지점
2249	제9착륙지점
2250	제1착륙지점
2251	제2착륙지점
2252	제3착륙지점
2253	제4착륙지점
2254	제5착륙지점
2255	풍요호 좌초 지점
2257	디아뎀 제도 수원지
2258	디아뎀 제도 동굴
2259	디아뎀 제도 남서쪽 연못
2260	디아뎀 제도 숨은 명당
2261	디아뎀 제도 북서쪽 연못
2262	바람이 지나는 구름바다
2263	바람이 온화한 구름바다
2264	바람이 휘도는 구름바다
2300	이슈가르드 하층
2301	이슈가르드 상층
2302	성도의 문
2303	에테라이트 광장
2304	성 발루아양 광장
2305	성 레네트 광장
2306	성 발루아양 거리
2307	청빈의 개선문
2308	할로네의 자비
2309	구름안개 거리
2310	여인숙 '아홉 구름'
2311	잊힌 기사 주점
2312	신전기사단 본부
2313	나풀깃 투기장
2314	하늘강철 기공방
2315	초코보 대여소
2316	성도 대축사
2317	보석홀장 거리
2318	뒤랑데르 저택
2319	아유나르트 저택
2320	포르탕 저택
2321	제멜 저택
2322	성 겡리올 점성원
2323	비공정 승강장
2324	보렐 저택
2325	신성재판소
2326	둥근방패 대광장
2327	이슈가르드 교황청
2328	성 레마노 대성당
2329	건국 열두 기사상
2330	최후의 보루
2331	가경자의 개선문
2332	에딘 소광장
2333	서쪽 주랑
2334	동쪽 주랑
2335	신전기사단 총장실
2336	결투재판장
2337	성 앙달림 신학원
2338	나풀깃 투기장
